Domain Code,Domain,Area Code,Area,Element Code,Element,Item Code,Item,Year Code,Year,Unit,Value,Flag,Flag Description
"SL","Livestock Primary","2","Afghanistan","5510","Production","21121","Meat, chicken","2018","2018","tonnes","28850","Im","FAO data based on imputation methodology"
"SL","Livestock Primary","2","Afghanistan","5610","Import Quantity","21121","Meat, chicken","2018","2018","tonnes","23913","","Official data"
"SL","Livestock Primary","2","Afghanistan","5910","Export Quantity","21121","Meat, chicken","2018","2018","tonnes","154","","Official data"
"SL","Livestock Primary","3","Albania","5510","Production","21121","Meat, chicken","2018","2018","tonnes","15587","","Official data"
"SL","Livestock Primary","3","Albania","5610","Import Quantity","21121","Meat, chicken","2018","2018","tonnes","11588","","Official data"
"SL","Livestock Primary","3","Albania","674","Protein supply quantity (g/capita/day)","21121","Meat, chicken","2018","2018","g/capita/day","3","Fc","Calculated data"
"SL","Livestock Primary","4","Algeria","5510","Production","21121","Meat, chicken","2018","2018","tonnes","278279","Im","FAO data based on imputation methodology"
"SL","Livestock Primary","4","Algeria","5610","Import Quantity","21121","Meat, chicken","2018","2018","tonnes","27","*","Unofficial figure"
"SL","Livestock Primary","4","Algeria","674","Protein supply quantity (g/capita/day)","21121","Meat, chicken","2018","2018","g/capita/day","2","Fc","Calculated data"
"SL","Livestock Primary","7","Angola","5510","Production","21121","Meat, chicken","2018","2018","tonnes","27208","Im","FAO data based on imputation methodology"
"SL","Livestock Primary","7","Angola","5610","Import Quantity","21121","Meat, chicken","2018","2018","tonnes","322678","*","Unofficial figure"
"SL","Livestock Primary","7","Angola","674","Protein supply quantity (g/capita/day)","21121","Meat, chicken","2018","2018","g/capita/day","4","Fc","Calculated data"
"SL","Livestock Primary","8","Antigua and Barbuda","5510","Production","21121","Meat, chicken","2018","2018","tonnes","96","Im","FAO data based on imputation methodology"
"SL","Livestock Primary","8","Antigua and Barbuda","5610","Import Quantity","21121","Meat, chicken","2018","2018","tonnes","5944","","Official data"
"SL","Livestock Primary","8","Antigua and Barbuda","5910","Export Quantity","21121","Meat, chicken","2018","2018","tonnes","7","","Official data"
"SL","Livestock Primary","8","Antigua and Barbuda","674","Protein supply quantity (g/capita/day)","21121","Meat, chicken","2018","2018","g/capita/day","17","Fc","Calculated data"
"SL","Livestock Primary","9","Argentina","5510","Production","21121","Meat, chicken","2018","2018","tonnes","2069160","","Official data"
"SL","Livestock Primary","9","Argentina","5610","Import Quantity","21121","Meat, chicken","2018","2018","tonnes","6624","","Official data"
"SL","Livestock Primary","9","Argentina","5910","Export Quantity","21121","Meat, chicken","2018","2018","tonnes","162443","","Official data"
"SL","Livestock Primary","9","Argentina","674","Protein supply quantity (g/capita/day)","21121","Meat, chicken","2018","2018","g/capita/day","14","Fc","Calculated data"
"SL","Livestock Primary","1","Armenia","5510","Production","21121","Meat, chicken","2018","2018","tonnes","12300","","Official data"
"SL","Livestock Primary","1","Armenia","5610","Import Quantity","21121","Meat, chicken","2018","2018","tonnes","32212","","Official data"
"SL","Livestock Primary","1","Armenia","5910","Export Quantity","21121","Meat, chicken","2018","2018","tonnes","74","","Official data"
"SL","Livestock Primary","1","Armenia","674","Protein supply quantity (g/capita/day)","21121","Meat, chicken","2018","2018","g/capita/day","5","Fc","Calculated data"
"SL","Livestock Primary","10","Australia","5510","Production","21121","Meat, chicken","2018","2018","tonnes","1193467","","Official data"
"SL","Livestock Primary","10","Australia","5610","Import Quantity","21121","Meat, chicken","2018","2018","tonnes","5137","*","Unofficial figure"
"SL","Livestock Primary","10","Australia","5910","Export Quantity","21121","Meat, chicken","2018","2018","tonnes","35187","","Official data"
"SL","Livestock Primary","10","Australia","674","Protein supply quantity (g/capita/day)","21121","Meat, chicken","2018","2018","g/capita/day","16","Fc","Calculated data"
"SL","Livestock Primary","11","Austria","5510","Production","21121","Meat, chicken","2018","2018","tonnes","131200","","Official data"
"SL","Livestock Primary","11","Austria","5610","Import Quantity","21121","Meat, chicken","2018","2018","tonnes","47127","","Official data"
"SL","Livestock Primary","11","Austria","5910","Export Quantity","21121","Meat, chicken","2018","2018","tonnes","43218","","Official data"
"SL","Livestock Primary","11","Austria","674","Protein supply quantity (g/capita/day)","21121","Meat, chicken","2018","2018","g/capita/day","5","Fc","Calculated data"
"SL","Livestock Primary","52","Azerbaijan","5510","Production","21121","Meat, chicken","2018","2018","tonnes","109121","","Official data"
"SL","Livestock Primary","52","Azerbaijan","5610","Import Quantity","21121","Meat, chicken","2018","2018","tonnes","28239","","Official data"
"SL","Livestock Primary","52","Azerbaijan","5910","Export Quantity","21121","Meat, chicken","2018","2018","tonnes","514","","Official data"
"SL","Livestock Primary","12","Bahamas","5510","Production","21121","Meat, chicken","2018","2018","tonnes","7090","Im","FAO data based on imputation methodology"
"SL","Livestock Primary","12","Bahamas","5610","Import Quantity","21121","Meat, chicken","2018","2018","tonnes","19536","*","Unofficial figure"
"SL","Livestock Primary","12","Bahamas","5910","Export Quantity","21121","Meat, chicken","2018","2018","tonnes","1","*","Unofficial figure"
"SL","Livestock Primary","12","Bahamas","674","Protein supply quantity (g/capita/day)","21121","Meat, chicken","2018","2018","g/capita/day","12","Fc","Calculated data"
"SL","Livestock Primary","16","Bangladesh","5510","Production","21121","Meat, chicken","2018","2018","tonnes","199357","Im","FAO data based on imputation methodology"
"SL","Livestock Primary","16","Bangladesh","5610","Import Quantity","21121","Meat, chicken","2018","2018","tonnes","221","*","Unofficial figure"
"SL","Livestock Primary","16","Bangladesh","5910","Export Quantity","21121","Meat, chicken","2018","2018","tonnes","2","*","Unofficial figure"
"SL","Livestock Primary","16","Bangladesh","674","Protein supply quantity (g/capita/day)","21121","Meat, chicken","2018","2018","g/capita/day","0","Fc","Calculated data"
"SL","Livestock Primary","14","Barbados","5510","Production","21121","Meat, chicken","2018","2018","tonnes","16466","","Official data"
"SL","Livestock Primary","14","Barbados","5610","Import Quantity","21121","Meat, chicken","2018","2018","tonnes","911","","Official data"
"SL","Livestock Primary","14","Barbados","5910","Export Quantity","21121","Meat, chicken","2018","2018","tonnes","63","","Official data"
"SL","Livestock Primary","14","Barbados","674","Protein supply quantity (g/capita/day)","21121","Meat, chicken","2018","2018","g/capita/day","15","Fc","Calculated data"
"SL","Livestock Primary","57","Belarus","5510","Production","21121","Meat, chicken","2018","2018","tonnes","463525","Im","FAO data based on imputation methodology"
"SL","Livestock Primary","57","Belarus","5610","Import Quantity","21121","Meat, chicken","2018","2018","tonnes","7027","","Official data"
"SL","Livestock Primary","57","Belarus","5910","Export Quantity","21121","Meat, chicken","2018","2018","tonnes","163779","","Official data"
"SL","Livestock Primary","255","Belgium","5510","Production","21121","Meat, chicken","2018","2018","tonnes","461606","","Official data"
"SL","Livestock Primary","255","Belgium","5610","Import Quantity","21121","Meat, chicken","2018","2018","tonnes","208579","","Official data"
"SL","Livestock Primary","255","Belgium","5910","Export Quantity","21121","Meat, chicken","2018","2018","tonnes","531847","","Official data"
"SL","Livestock Primary","23","Belize","5510","Production","21121","Meat, chicken","2018","2018","tonnes","19677","","Official data"
"SL","Livestock Primary","23","Belize","5610","Import Quantity","21121","Meat, chicken","2018","2018","tonnes","15","","Official data"
"SL","Livestock Primary","53","Benin","5510","Production","21121","Meat, chicken","2018","2018","tonnes","14561","","Official data"
"SL","Livestock Primary","53","Benin","5610","Import Quantity","21121","Meat, chicken","2018","2018","tonnes","75324","","Official data"
"SL","Livestock Primary","53","Benin","5910","Export Quantity","21121","Meat, chicken","2018","2018","tonnes","15199","","Official data"
"SL","Livestock Primary","53","Benin","674","Protein supply quantity (g/capita/day)","21121","Meat, chicken","2018","2018","g/capita/day","2","Fc","Calculated data"
"SL","Livestock Primary","19","Bolivia (Plurinational State of)","5510","Production","21121","Meat, chicken","2018","2018","tonnes","482332","","Official data"
"SL","Livestock Primary","19","Bolivia (Plurinational State of)","5610","Import Quantity","21121","Meat, chicken","2018","2018","tonnes","292","","Official data"
"SL","Livestock Primary","19","Bolivia (Plurinational State of)","5910","Export Quantity","21121","Meat, chicken","2018","2018","tonnes","676","","Official data"
"SL","Livestock Primary","19","Bolivia (Plurinational State of)","674","Protein supply quantity (g/capita/day)","21121","Meat, chicken","2018","2018","g/capita/day","13","Fc","Calculated data"
"SL","Livestock Primary","80","Bosnia and Herzegovina","5510","Production","21121","Meat, chicken","2018","2018","tonnes","61926","","Official data"
"SL","Livestock Primary","80","Bosnia and Herzegovina","5610","Import Quantity","21121","Meat, chicken","2018","2018","tonnes","8600","","Official data"
"SL","Livestock Primary","80","Bosnia and Herzegovina","5910","Export Quantity","21121","Meat, chicken","2018","2018","tonnes","3942","","Official data"
"SL","Livestock Primary","80","Bosnia and Herzegovina","674","Protein supply quantity (g/capita/day)","21121","Meat, chicken","2018","2018","g/capita/day","6","Fc","Calculated data"
"SL","Livestock Primary","20","Botswana","5510","Production","21121","Meat, chicken","2018","2018","tonnes","4247","Im","FAO data based on imputation methodology"
"SL","Livestock Primary","20","Botswana","5610","Import Quantity","21121","Meat, chicken","2018","2018","tonnes","3963","","Official data"
"SL","Livestock Primary","20","Botswana","5910","Export Quantity","21121","Meat, chicken","2018","2018","tonnes","32","","Official data"
"SL","Livestock Primary","20","Botswana","674","Protein supply quantity (g/capita/day)","21121","Meat, chicken","2018","2018","g/capita/day","1","Fc","Calculated data"
"SL","Livestock Primary","21","Brazil","5510","Production","21121","Meat, chicken","2018","2018","tonnes","13355000","*","Unofficial figure"
"SL","Livestock Primary","21","Brazil","5610","Import Quantity","21121","Meat, chicken","2018","2018","tonnes","3396","","Official data"
"SL","Livestock Primary","21","Brazil","5910","Export Quantity","21121","Meat, chicken","2018","2018","tonnes","3822702","","Official data"
"SL","Livestock Primary","21","Brazil","674","Protein supply quantity (g/capita/day)","21121","Meat, chicken","2018","2018","g/capita/day","14","Fc","Calculated data"
"SL","Livestock Primary","27","Bulgaria","5510","Production","21121","Meat, chicken","2018","2018","tonnes","94786","","Official data"
"SL","Livestock Primary","27","Bulgaria","5610","Import Quantity","21121","Meat, chicken","2018","2018","tonnes","96874","","Official data"
"SL","Livestock Primary","27","Bulgaria","5910","Export Quantity","21121","Meat, chicken","2018","2018","tonnes","30042","","Official data"
"SL","Livestock Primary","233","Burkina Faso","5510","Production","21121","Meat, chicken","2018","2018","tonnes","47484","Im","FAO data based on imputation methodology"
"SL","Livestock Primary","233","Burkina Faso","5610","Import Quantity","21121","Meat, chicken","2018","2018","tonnes","63","","Official data"
"SL","Livestock Primary","35","Cabo Verde","5510","Production","21121","Meat, chicken","2018","2018","tonnes","985","","Official data"
"SL","Livestock Primary","35","Cabo Verde","5610","Import Quantity","21121","Meat, chicken","2018","2018","tonnes","11803","","Official data"
"SL","Livestock Primary","35","Cabo Verde","674","Protein supply quantity (g/capita/day)","21121","Meat, chicken","2018","2018","g/capita/day","5","Fc","Calculated data"
"SL","Livestock Primary","115","Cambodia","5510","Production","21121","Meat, chicken","2018","2018","tonnes","17279","Im","FAO data based on imputation methodology"
"SL","Livestock Primary","115","Cambodia","5610","Import Quantity","21121","Meat, chicken","2018","2018","tonnes","11879","*","Unofficial figure"
"SL","Livestock Primary","115","Cambodia","5910","Export Quantity","21121","Meat, chicken","2018","2018","tonnes","26","X","International reliable sources"
"SL","Livestock Primary","32","Cameroon","5510","Production","21121","Meat, chicken","2018","2018","tonnes","78807","Im","FAO data based on imputation methodology"
"SL","Livestock Primary","32","Cameroon","5610","Import Quantity","21121","Meat, chicken","2018","2018","tonnes","1352","*","Unofficial figure"
"SL","Livestock Primary","33","Canada","5510","Production","21121","Meat, chicken","2018","2018","tonnes","1296406","","Official data"
"SL","Livestock Primary","33","Canada","5610","Import Quantity","21121","Meat, chicken","2018","2018","tonnes","138100","","Official data"
"SL","Livestock Primary","33","Canada","5910","Export Quantity","21121","Meat, chicken","2018","2018","tonnes","88028","","Official data"
"SL","Livestock Primary","37","Central African Republic","5510","Production","21121","Meat, chicken","2018","2018","tonnes","6811","Im","FAO data based on imputation methodology"
"SL","Livestock Primary","37","Central African Republic","5610","Import Quantity","21121","Meat, chicken","2018","2018","tonnes","4526","*","Unofficial figure"
"SL","Livestock Primary","39","Chad","5510","Production","21121","Meat, chicken","2018","2018","tonnes","6454","Im","FAO data based on imputation methodology"
"SL","Livestock Primary","39","Chad","5610","Import Quantity","21121","Meat, chicken","2018","2018","tonnes","1114","*","Unofficial figure"
"SL","Livestock Primary","39","Chad","674","Protein supply quantity (g/capita/day)","21121","Meat, chicken","2018","2018","g/capita/day","0","Fc","Calculated data"
"SL","Livestock Primary","40","Chile","5510","Production","21121","Meat, chicken","2018","2018","tonnes","667243","","Official data"
"SL","Livestock Primary","40","Chile","5610","Import Quantity","21121","Meat, chicken","2018","2018","tonnes","138728","","Official data"
"SL","Livestock Primary","40","Chile","5910","Export Quantity","21121","Meat, chicken","2018","2018","tonnes","102272","","Official data"
"SL","Livestock Primary","40","Chile","674","Protein supply quantity (g/capita/day)","21121","Meat, chicken","2018","2018","g/capita/day","12","Fc","Calculated data"
"SL","Livestock Primary","96","China, Hong Kong SAR","5510","Production","21121","Meat, chicken","2018","2018","tonnes","24534","Im","FAO data based on imputation methodology"
"SL","Livestock Primary","96","China, Hong Kong SAR","5610","Import Quantity","21121","Meat, chicken","2018","2018","tonnes","672694","","Official data"
"SL","Livestock Primary","96","China, Hong Kong SAR","5910","Export Quantity","21121","Meat, chicken","2018","2018","tonnes","540490","","Official data"
"SL","Livestock Primary","96","China, Hong Kong SAR","674","Protein supply quantity (g/capita/day)","21121","Meat, chicken","2018","2018","g/capita/day","8","Fc","Calculated data"
"SL","Livestock Primary","128","China, Macao SAR","5510","Production","21121","Meat, chicken","2018","2018","tonnes","3837","Im","FAO data based on imputation methodology"
"SL","Livestock Primary","128","China, Macao SAR","5610","Import Quantity","21121","Meat, chicken","2018","2018","tonnes","20722","*","Unofficial figure"
"SL","Livestock Primary","128","China, Macao SAR","5910","Export Quantity","21121","Meat, chicken","2018","2018","tonnes","3","*","Unofficial figure"
"SL","Livestock Primary","128","China, Macao SAR","674","Protein supply quantity (g/capita/day)","21121","Meat, chicken","2018","2018","g/capita/day","9","Fc","Calculated data"
"SL","Livestock Primary","41","China, mainland","5510","Production","21121","Meat, chicken","2018","2018","tonnes","13957911","Im","FAO data based on imputation methodology"
"SL","Livestock Primary","41","China, mainland","5610","Import Quantity","21121","Meat, chicken","2018","2018","tonnes","502221","","Official data"
"SL","Livestock Primary","41","China, mainland","5910","Export Quantity","21121","Meat, chicken","2018","2018","tonnes","177285","","Official data"
"SL","Livestock Primary","41","China, mainland","674","Protein supply quantity (g/capita/day)","21121","Meat, chicken","2018","2018","g/capita/day","3","Fc","Calculated data"
"SL","Livestock Primary","214","China, Taiwan Province of","5510","Production","21121","Meat, chicken","2018","2018","tonnes","554000","*","Unofficial figure"
"SL","Livestock Primary","214","China, Taiwan Province of","5610","Import Quantity","21121","Meat, chicken","2018","2018","tonnes","214179","","Official data"
"SL","Livestock Primary","214","China, Taiwan Province of","5910","Export Quantity","21121","Meat, chicken","2018","2018","tonnes","4635","","Official data"
"SL","Livestock Primary","214","China, Taiwan Province of","674","Protein supply quantity (g/capita/day)","21121","Meat, chicken","2018","2018","g/capita/day","11","Fc","Calculated data"
"SL","Livestock Primary","44","Colombia","5510","Production","21121","Meat, chicken","2018","2018","tonnes","1629648","*","Unofficial figure"
"SL","Livestock Primary","44","Colombia","5610","Import Quantity","21121","Meat, chicken","2018","2018","tonnes","67773","","Official data"
"SL","Livestock Primary","44","Colombia","5910","Export Quantity","21121","Meat, chicken","2018","2018","tonnes","1734","","Official data"
"SL","Livestock Primary","44","Colombia","674","Protein supply quantity (g/capita/day)","21121","Meat, chicken","2018","2018","g/capita/day","10","Fc","Calculated data"
"SL","Livestock Primary","45","Comoros","5510","Production","21121","Meat, chicken","2018","2018","tonnes","601","Im","FAO data based on imputation methodology"
"SL","Livestock Primary","45","Comoros","5610","Import Quantity","21121","Meat, chicken","2018","2018","tonnes","14681","*","Unofficial figure"
"SL","Livestock Primary","46","Congo","5510","Production","21121","Meat, chicken","2018","2018","tonnes","7023","Im","FAO data based on imputation methodology"
"SL","Livestock Primary","46","Congo","5610","Import Quantity","21121","Meat, chicken","2018","2018","tonnes","114218","*","Unofficial figure"
"SL","Livestock Primary","46","Congo","5910","Export Quantity","21121","Meat, chicken","2018","2018","tonnes","132","*","Unofficial figure"
"SL","Livestock Primary","48","Costa Rica","5510","Production","21121","Meat, chicken","2018","2018","tonnes","135500","","Official data"
"SL","Livestock Primary","48","Costa Rica","5610","Import Quantity","21121","Meat, chicken","2018","2018","tonnes","10336","","Official data"
"SL","Livestock Primary","48","Costa Rica","5910","Export Quantity","21121","Meat, chicken","2018","2018","tonnes","870","","Official data"
"SL","Livestock Primary","48","Costa Rica","674","Protein supply quantity (g/capita/day)","21121","Meat, chicken","2018","2018","g/capita/day","8","Fc","Calculated data"
"SL","Livestock Primary","107","Côte d'Ivoire","5510","Production","21121","Meat, chicken","2018","2018","tonnes","44199","Im","FAO data based on imputation methodology"
"SL","Livestock Primary","107","Côte d'Ivoire","5610","Import Quantity","21121","Meat, chicken","2018","2018","tonnes","547","","Official data"
"SL","Livestock Primary","107","Côte d'Ivoire","5910","Export Quantity","21121","Meat, chicken","2018","2018","tonnes","36","","Official data"
"SL","Livestock Primary","98","Croatia","5510","Production","21121","Meat, chicken","2018","2018","tonnes","52600","","Official data"
"SL","Livestock Primary","98","Croatia","5610","Import Quantity","21121","Meat, chicken","2018","2018","tonnes","14062","","Official data"
"SL","Livestock Primary","98","Croatia","5910","Export Quantity","21121","Meat, chicken","2018","2018","tonnes","6876","","Official data"
"SL","Livestock Primary","98","Croatia","674","Protein supply quantity (g/capita/day)","21121","Meat, chicken","2018","2018","g/capita/day","2","Fc","Calculated data"
"SL","Livestock Primary","49","Cuba","5510","Production","21121","Meat, chicken","2018","2018","tonnes","25326","Im","FAO data based on imputation methodology"
"SL","Livestock Primary","49","Cuba","5610","Import Quantity","21121","Meat, chicken","2018","2018","tonnes","279486","","Official data"
"SL","Livestock Primary","49","Cuba","5910","Export Quantity","21121","Meat, chicken","2018","2018","tonnes","25","X","International reliable sources"
"SL","Livestock Primary","49","Cuba","674","Protein supply quantity (g/capita/day)","21121","Meat, chicken","2018","2018","g/capita/day","8","Fc","Calculated data"
"SL","Livestock Primary","50","Cyprus","5510","Production","21121","Meat, chicken","2018","2018","tonnes","25410","","Official data"
"SL","Livestock Primary","50","Cyprus","5610","Import Quantity","21121","Meat, chicken","2018","2018","tonnes","10050","","Official data"
"SL","Livestock Primary","50","Cyprus","5910","Export Quantity","21121","Meat, chicken","2018","2018","tonnes","1027","","Official data"
"SL","Livestock Primary","167","Czechia","5510","Production","21121","Meat, chicken","2018","2018","tonnes","155236","","Official data"
"SL","Livestock Primary","167","Czechia","5610","Import Quantity","21121","Meat, chicken","2018","2018","tonnes","82586","","Official data"
"SL","Livestock Primary","167","Czechia","5910","Export Quantity","21121","Meat, chicken","2018","2018","tonnes","17118","","Official data"
"SL","Livestock Primary","116","Democratic People's Republic of Korea","5510","Production","21121","Meat, chicken","2018","2018","tonnes","31859","Im","FAO data based on imputation methodology"
"SL","Livestock Primary","116","Democratic People's Republic of Korea","5610","Import Quantity","21121","Meat, chicken","2018","2018","tonnes","56","*","Unofficial figure"
"SL","Livestock Primary","116","Democratic People's Republic of Korea","674","Protein supply quantity (g/capita/day)","21121","Meat, chicken","2018","2018","g/capita/day","0","Fc","Calculated data"
"SL","Livestock Primary","54","Denmark","5510","Production","21121","Meat, chicken","2018","2018","tonnes","156343","","Official data"
"SL","Livestock Primary","54","Denmark","5610","Import Quantity","21121","Meat, chicken","2018","2018","tonnes","37826","","Official data"
"SL","Livestock Primary","54","Denmark","5910","Export Quantity","21121","Meat, chicken","2018","2018","tonnes","71740","","Official data"
"SL","Livestock Primary","72","Djibouti","5610","Import Quantity","21121","Meat, chicken","2018","2018","tonnes","3111","*","Unofficial figure"
"SL","Livestock Primary","55","Dominica","5510","Production","21121","Meat, chicken","2018","2018","tonnes","357","Im","FAO data based on imputation methodology"
"SL","Livestock Primary","55","Dominica","5610","Import Quantity","21121","Meat, chicken","2018","2018","tonnes","3916","*","Unofficial figure"
"SL","Livestock Primary","55","Dominica","674","Protein supply quantity (g/capita/day)","21121","Meat, chicken","2018","2018","g/capita/day","13","Fc","Calculated data"
"SL","Livestock Primary","56","Dominican Republic","5510","Production","21121","Meat, chicken","2018","2018","tonnes","349158","","Official data"
"SL","Livestock Primary","56","Dominican Republic","5610","Import Quantity","21121","Meat, chicken","2018","2018","tonnes","32657","*","Unofficial figure"
"SL","Livestock Primary","56","Dominican Republic","5910","Export Quantity","21121","Meat, chicken","2018","2018","tonnes","5949","","Official data"
"SL","Livestock Primary","56","Dominican Republic","674","Protein supply quantity (g/capita/day)","21121","Meat, chicken","2018","2018","g/capita/day","10","Fc","Calculated data"
"SL","Livestock Primary","58","Ecuador","5510","Production","21121","Meat, chicken","2018","2018","tonnes","347892","Im","FAO data based on imputation methodology"
"SL","Livestock Primary","58","Ecuador","674","Protein supply quantity (g/capita/day)","21121","Meat, chicken","2018","2018","g/capita/day","6","Fc","Calculated data"
"SL","Livestock Primary","59","Egypt","5510","Production","21121","Meat, chicken","2018","2018","tonnes","1324327","","Official data"
"SL","Livestock Primary","59","Egypt","5610","Import Quantity","21121","Meat, chicken","2018","2018","tonnes","44238","Im","FAO data based on imputation methodology"
"SL","Livestock Primary","59","Egypt","5910","Export Quantity","21121","Meat, chicken","2018","2018","tonnes","323","Im","FAO data based on imputation methodology"
"SL","Livestock Primary","59","Egypt","674","Protein supply quantity (g/capita/day)","21121","Meat, chicken","2018","2018","g/capita/day","6","Fc","Calculated data"
"SL","Livestock Primary","60","El Salvador","5510","Production","21121","Meat, chicken","2018","2018","tonnes","137375","Im","FAO data based on imputation methodology"
"SL","Livestock Primary","60","El Salvador","5610","Import Quantity","21121","Meat, chicken","2018","2018","tonnes","13078","","Official data"
"SL","Livestock Primary","60","El Salvador","5910","Export Quantity","21121","Meat, chicken","2018","2018","tonnes","1317","","Official data"
"SL","Livestock Primary","60","El Salvador","674","Protein supply quantity (g/capita/day)","21121","Meat, chicken","2018","2018","g/capita/day","7","Fc","Calculated data"
"SL","Livestock Primary","63","Estonia","5510","Production","21121","Meat, chicken","2018","2018","tonnes","19300","","Official data"
"SL","Livestock Primary","63","Estonia","5610","Import Quantity","21121","Meat, chicken","2018","2018","tonnes","22010","","Official data"
"SL","Livestock Primary","63","Estonia","5910","Export Quantity","21121","Meat, chicken","2018","2018","tonnes","6156","","Official data"
"SL","Livestock Primary","209","Eswatini","5510","Production","21121","Meat, chicken","2018","2018","tonnes","6048","Im","FAO data based on imputation methodology"
"SL","Livestock Primary","209","Eswatini","5610","Import Quantity","21121","Meat, chicken","2018","2018","tonnes","1488","*","Unofficial figure"
"SL","Livestock Primary","209","Eswatini","5910","Export Quantity","21121","Meat, chicken","2018","2018","tonnes","563","*","Unofficial figure"
"SL","Livestock Primary","238","Ethiopia","5510","Production","21121","Meat, chicken","2018","2018","tonnes","73931","Im","FAO data based on imputation methodology"
"SL","Livestock Primary","238","Ethiopia","5610","Import Quantity","21121","Meat, chicken","2018","2018","tonnes","1038","*","Unofficial figure"
"SL","Livestock Primary","66","Fiji","5510","Production","21121","Meat, chicken","2018","2018","tonnes","35499","","Official data"
"SL","Livestock Primary","66","Fiji","5610","Import Quantity","21121","Meat, chicken","2018","2018","tonnes","4126","","Official data"
"SL","Livestock Primary","66","Fiji","5910","Export Quantity","21121","Meat, chicken","2018","2018","tonnes","302","","Official data"
"SL","Livestock Primary","66","Fiji","674","Protein supply quantity (g/capita/day)","21121","Meat, chicken","2018","2018","g/capita/day","8","Fc","Calculated data"
"SL","Livestock Primary","67","Finland","5510","Production","21121","Meat, chicken","2018","2018","tonnes","127156","","Official data"
"SL","Livestock Primary","67","Finland","5610","Import Quantity","21121","Meat, chicken","2018","2018","tonnes","5155","","Official data"
"SL","Livestock Primary","67","Finland","5910","Export Quantity","21121","Meat, chicken","2018","2018","tonnes","10264","","Official data"
"SL","Livestock Primary","67","Finland","674","Protein supply quantity (g/capita/day)","21121","Meat, chicken","2018","2018","g/capita/day","7","Fc","Calculated data"
"SL","Livestock Primary","68","France","5510","Production","21121","Meat, chicken","2018","2018","tonnes","1169945","","Official data"
"SL","Livestock Primary","68","France","5610","Import Quantity","21121","Meat, chicken","2018","2018","tonnes","383588","","Official data"
"SL","Livestock Primary","68","France","5910","Export Quantity","21121","Meat, chicken","2018","2018","tonnes","280923","","Official data"
"SL","Livestock Primary","70","French Polynesia","5510","Production","21121","Meat, chicken","2018","2018","tonnes","694","Im","FAO data based on imputation methodology"
"SL","Livestock Primary","70","French Polynesia","5610","Import Quantity","21121","Meat, chicken","2018","2018","tonnes","15293","*","Unofficial figure"
"SL","Livestock Primary","74","Gabon","5510","Production","21121","Meat, chicken","2018","2018","tonnes","3911","Im","FAO data based on imputation methodology"
"SL","Livestock Primary","74","Gabon","5610","Import Quantity","21121","Meat, chicken","2018","2018","tonnes","64907","*","Unofficial figure"
"SL","Livestock Primary","75","Gambia","5510","Production","21121","Meat, chicken","2018","2018","tonnes","1632","Im","FAO data based on imputation methodology"
"SL","Livestock Primary","75","Gambia","5610","Import Quantity","21121","Meat, chicken","2018","2018","tonnes","20834","","Official data"
"SL","Livestock Primary","73","Georgia","5510","Production","21121","Meat, chicken","2018","2018","tonnes","22100","","Official data"
"SL","Livestock Primary","73","Georgia","5610","Import Quantity","21121","Meat, chicken","2018","2018","tonnes","48529","","Official data"
"SL","Livestock Primary","73","Georgia","5910","Export Quantity","21121","Meat, chicken","2018","2018","tonnes","8311","","Official data"
"SL","Livestock Primary","79","Germany","5510","Production","21121","Meat, chicken","2018","2018","tonnes","1063251","","Official data"
"SL","Livestock Primary","79","Germany","5610","Import Quantity","21121","Meat, chicken","2018","2018","tonnes","496552","","Official data"
"SL","Livestock Primary","79","Germany","5910","Export Quantity","21121","Meat, chicken","2018","2018","tonnes","290396","","Official data"
"SL","Livestock Primary","81","Ghana","5510","Production","21121","Meat, chicken","2018","2018","tonnes","65078","Im","FAO data based on imputation methodology"
"SL","Livestock Primary","81","Ghana","5610","Import Quantity","21121","Meat, chicken","2018","2018","tonnes","201813","","Official data"
"SL","Livestock Primary","81","Ghana","5910","Export Quantity","21121","Meat, chicken","2018","2018","tonnes","27","","Official data"
"SL","Livestock Primary","84","Greece","5510","Production","21121","Meat, chicken","2018","2018","tonnes","244339","","Official data"
"SL","Livestock Primary","84","Greece","5610","Import Quantity","21121","Meat, chicken","2018","2018","tonnes","55728","","Official data"
"SL","Livestock Primary","84","Greece","5910","Export Quantity","21121","Meat, chicken","2018","2018","tonnes","28134","","Official data"
"SL","Livestock Primary","86","Grenada","5510","Production","21121","Meat, chicken","2018","2018","tonnes","540","Im","FAO data based on imputation methodology"
"SL","Livestock Primary","86","Grenada","5610","Import Quantity","21121","Meat, chicken","2018","2018","tonnes","6101","*","Unofficial figure"
"SL","Livestock Primary","86","Grenada","674","Protein supply quantity (g/capita/day)","21121","Meat, chicken","2018","2018","g/capita/day","12","Fc","Calculated data"
"SL","Livestock Primary","89","Guatemala","5510","Production","21121","Meat, chicken","2018","2018","tonnes","226742","Im","FAO data based on imputation methodology"
"SL","Livestock Primary","89","Guatemala","5610","Import Quantity","21121","Meat, chicken","2018","2018","tonnes","112659","*","Unofficial figure"
"SL","Livestock Primary","89","Guatemala","5910","Export Quantity","21121","Meat, chicken","2018","2018","tonnes","3062","*","Unofficial figure"
"SL","Livestock Primary","90","Guinea","5510","Production","21121","Meat, chicken","2018","2018","tonnes","12690","Im","FAO data based on imputation methodology"
"SL","Livestock Primary","90","Guinea","5610","Import Quantity","21121","Meat, chicken","2018","2018","tonnes","37284","*","Unofficial figure"
"SL","Livestock Primary","175","Guinea-Bissau","5510","Production","21121","Meat, chicken","2018","2018","tonnes","2621","Im","FAO data based on imputation methodology"
"SL","Livestock Primary","175","Guinea-Bissau","5610","Import Quantity","21121","Meat, chicken","2018","2018","tonnes","3502","*","Unofficial figure"
"SL","Livestock Primary","91","Guyana","5510","Production","21121","Meat, chicken","2018","2018","tonnes","42022","","Official data"
"SL","Livestock Primary","91","Guyana","5610","Import Quantity","21121","Meat, chicken","2018","2018","tonnes","108","*","Unofficial figure"
"SL","Livestock Primary","91","Guyana","674","Protein supply quantity (g/capita/day)","21121","Meat, chicken","2018","2018","g/capita/day","12","Fc","Calculated data"
"SL","Livestock Primary","93","Haiti","5510","Production","21121","Meat, chicken","2018","2018","tonnes","8359","Im","FAO data based on imputation methodology"
"SL","Livestock Primary","93","Haiti","5610","Import Quantity","21121","Meat, chicken","2018","2018","tonnes","88947","*","Unofficial figure"
"SL","Livestock Primary","95","Honduras","5510","Production","21121","Meat, chicken","2018","2018","tonnes","205523","Im","FAO data based on imputation methodology"
"SL","Livestock Primary","95","Honduras","5610","Import Quantity","21121","Meat, chicken","2018","2018","tonnes","15249","*","Unofficial figure"
"SL","Livestock Primary","95","Honduras","5910","Export Quantity","21121","Meat, chicken","2018","2018","tonnes","407","*","Unofficial figure"
"SL","Livestock Primary","95","Honduras","674","Protein supply quantity (g/capita/day)","21121","Meat, chicken","2018","2018","g/capita/day","7","Fc","Calculated data"
"SL","Livestock Primary","97","Hungary","5510","Production","21121","Meat, chicken","2018","2018","tonnes","332154","","Official data"
"SL","Livestock Primary","97","Hungary","5610","Import Quantity","21121","Meat, chicken","2018","2018","tonnes","38418","","Official data"
"SL","Livestock Primary","97","Hungary","5910","Export Quantity","21121","Meat, chicken","2018","2018","tonnes","88994","","Official data"
"SL","Livestock Primary","97","Hungary","674","Protein supply quantity (g/capita/day)","21121","Meat, chicken","2018","2018","g/capita/day","7","Fc","Calculated data"
"SL","Livestock Primary","99","Iceland","5510","Production","21121","Meat, chicken","2018","2018","tonnes","9483","","Official data"
"SL","Livestock Primary","99","Iceland","5610","Import Quantity","21121","Meat, chicken","2018","2018","tonnes","972","","Official data"
"SL","Livestock Primary","99","Iceland","5910","Export Quantity","21121","Meat, chicken","2018","2018","tonnes","0","","Official data"
"SL","Livestock Primary","100","India","5510","Production","21121","Meat, chicken","2018","2018","tonnes","3590525","Im","FAO data based on imputation methodology"
"SL","Livestock Primary","100","India","5610","Import Quantity","21121","Meat, chicken","2018","2018","tonnes","99","","Official data"
"SL","Livestock Primary","100","India","5910","Export Quantity","21121","Meat, chicken","2018","2018","tonnes","6724","","Official data"
"SL","Livestock Primary","101","Indonesia","5510","Production","21121","Meat, chicken","2018","2018","tonnes","2544105","","Official data"
"SL","Livestock Primary","101","Indonesia","5610","Import Quantity","21121","Meat, chicken","2018","2018","tonnes","0","","Official data"
"SL","Livestock Primary","101","Indonesia","5910","Export Quantity","21121","Meat, chicken","2018","2018","tonnes","18","","Official data"
"SL","Livestock Primary","102","Iran (Islamic Republic of)","5510","Production","21121","Meat, chicken","2018","2018","tonnes","2187068","Im","FAO data based on imputation methodology"
"SL","Livestock Primary","102","Iran (Islamic Republic of)","674","Protein supply quantity (g/capita/day)","21121","Meat, chicken","2018","2018","g/capita/day","10","Fc","Calculated data"
"SL","Livestock Primary","103","Iraq","5510","Production","21121","Meat, chicken","2018","2018","tonnes","90225","Im","FAO data based on imputation methodology"
"SL","Livestock Primary","103","Iraq","5610","Import Quantity","21121","Meat, chicken","2018","2018","tonnes","206047","","Official data"
"SL","Livestock Primary","103","Iraq","5910","Export Quantity","21121","Meat, chicken","2018","2018","tonnes","1167","*","Unofficial figure"
"SL","Livestock Primary","103","Iraq","674","Protein supply quantity (g/capita/day)","21121","Meat, chicken","2018","2018","g/capita/day","3","Fc","Calculated data"
"SL","Livestock Primary","104","Ireland","5510","Production","21121","Meat, chicken","2018","2018","tonnes","131940","","Official data"
"SL","Livestock Primary","104","Ireland","5610","Import Quantity","21121","Meat, chicken","2018","2018","tonnes","74719","","Official data"
"SL","Livestock Primary","104","Ireland","5910","Export Quantity","21121","Meat, chicken","2018","2018","tonnes","57912","","Official data"
"SL","Livestock Primary","105","Israel","5510","Production","21121","Meat, chicken","2018","2018","tonnes","546715","","Official data"
"SL","Livestock Primary","105","Israel","5910","Export Quantity","21121","Meat, chicken","2018","2018","tonnes","52","Im","FAO data based on imputation methodology"
"SL","Livestock Primary","105","Israel","674","Protein supply quantity (g/capita/day)","21121","Meat, chicken","2018","2018","g/capita/day","22","Fc","Calculated data"
"SL","Livestock Primary","106","Italy","5510","Production","21121","Meat, chicken","2018","2018","tonnes","972836","","Official data"
"SL","Livestock Primary","106","Italy","5610","Import Quantity","21121","Meat, chicken","2018","2018","tonnes","48787","","Official data"
"SL","Livestock Primary","106","Italy","5910","Export Quantity","21121","Meat, chicken","2018","2018","tonnes","85560","","Official data"
"SL","Livestock Primary","106","Italy","674","Protein supply quantity (g/capita/day)","21121","Meat, chicken","2018","2018","g/capita/day","6","Fc","Calculated data"
"SL","Livestock Primary","109","Jamaica","5510","Production","21121","Meat, chicken","2018","2018","tonnes","132347","","Official data"
"SL","Livestock Primary","109","Jamaica","5610","Import Quantity","21121","Meat, chicken","2018","2018","tonnes","23862","*","Unofficial figure"
"SL","Livestock Primary","109","Jamaica","5910","Export Quantity","21121","Meat, chicken","2018","2018","tonnes","953","","Official data"
"SL","Livestock Primary","109","Jamaica","674","Protein supply quantity (g/capita/day)","21121","Meat, chicken","2018","2018","g/capita/day","14","Fc","Calculated data"
"SL","Livestock Primary","110","Japan","5510","Production","21121","Meat, chicken","2018","2018","tonnes","2249585","","Official data"
"SL","Livestock Primary","110","Japan","5610","Import Quantity","21121","Meat, chicken","2018","2018","tonnes","560381","","Official data"
"SL","Livestock Primary","110","Japan","5910","Export Quantity","21121","Meat, chicken","2018","2018","tonnes","9657","","Official data"
"SL","Livestock Primary","112","Jordan","5510","Production","21121","Meat, chicken","2018","2018","tonnes","193423","Im","FAO data based on imputation methodology"
"SL","Livestock Primary","112","Jordan","5610","Import Quantity","21121","Meat, chicken","2018","2018","tonnes","55619","","Official data"
"SL","Livestock Primary","112","Jordan","5910","Export Quantity","21121","Meat, chicken","2018","2018","tonnes","11776","","Official data"
"SL","Livestock Primary","112","Jordan","674","Protein supply quantity (g/capita/day)","21121","Meat, chicken","2018","2018","g/capita/day","9","Fc","Calculated data"
"SL","Livestock Primary","108","Kazakhstan","5510","Production","21121","Meat, chicken","2018","2018","tonnes","183236","","Official data"
"SL","Livestock Primary","108","Kazakhstan","5610","Import Quantity","21121","Meat, chicken","2018","2018","tonnes","188614","","Official data"
"SL","Livestock Primary","108","Kazakhstan","5910","Export Quantity","21121","Meat, chicken","2018","2018","tonnes","5936","","Official data"
"SL","Livestock Primary","108","Kazakhstan","674","Protein supply quantity (g/capita/day)","21121","Meat, chicken","2018","2018","g/capita/day","6","Fc","Calculated data"
"SL","Livestock Primary","114","Kenya","5510","Production","21121","Meat, chicken","2018","2018","tonnes","30248","Im","FAO data based on imputation methodology"
"SL","Livestock Primary","114","Kenya","5610","Import Quantity","21121","Meat, chicken","2018","2018","tonnes","792","","Official data"
"SL","Livestock Primary","114","Kenya","5910","Export Quantity","21121","Meat, chicken","2018","2018","tonnes","25","","Official data"
"SL","Livestock Primary","83","Kiribati","5510","Production","21121","Meat, chicken","2018","2018","tonnes","874","Im","FAO data based on imputation methodology"
"SL","Livestock Primary","83","Kiribati","5610","Import Quantity","21121","Meat, chicken","2018","2018","tonnes","1568","*","Unofficial figure"
"SL","Livestock Primary","118","Kuwait","5510","Production","21121","Meat, chicken","2018","2018","tonnes","61122","","Official data"
"SL","Livestock Primary","118","Kuwait","5610","Import Quantity","21121","Meat, chicken","2018","2018","tonnes","140601","","Official data"
"SL","Livestock Primary","118","Kuwait","5910","Export Quantity","21121","Meat, chicken","2018","2018","tonnes","6497","","Official data"
"SL","Livestock Primary","118","Kuwait","674","Protein supply quantity (g/capita/day)","21121","Meat, chicken","2018","2018","g/capita/day","16","Fc","Calculated data"
"SL","Livestock Primary","113","Kyrgyzstan","5510","Production","21121","Meat, chicken","2018","2018","tonnes","8315","","Official data"
"SL","Livestock Primary","113","Kyrgyzstan","5610","Import Quantity","21121","Meat, chicken","2018","2018","tonnes","26528","","Official data"
"SL","Livestock Primary","113","Kyrgyzstan","5910","Export Quantity","21121","Meat, chicken","2018","2018","tonnes","19","","Official data"
"SL","Livestock Primary","120","Lao People's Democratic Republic","5510","Production","21121","Meat, chicken","2018","2018","tonnes","26095","Im","FAO data based on imputation methodology"
"SL","Livestock Primary","120","Lao People's Democratic Republic","5610","Import Quantity","21121","Meat, chicken","2018","2018","tonnes","38431","*","Unofficial figure"
"SL","Livestock Primary","119","Latvia","5510","Production","21121","Meat, chicken","2018","2018","tonnes","33830","","Official data"
"SL","Livestock Primary","119","Latvia","5610","Import Quantity","21121","Meat, chicken","2018","2018","tonnes","37896","","Official data"
"SL","Livestock Primary","119","Latvia","5910","Export Quantity","21121","Meat, chicken","2018","2018","tonnes","14653","","Official data"
"SL","Livestock Primary","121","Lebanon","5510","Production","21121","Meat, chicken","2018","2018","tonnes","125821","Im","FAO data based on imputation methodology"
"SL","Livestock Primary","121","Lebanon","5610","Import Quantity","21121","Meat, chicken","2018","2018","tonnes","5947","","Official data"
"SL","Livestock Primary","121","Lebanon","5910","Export Quantity","21121","Meat, chicken","2018","2018","tonnes","2497","","Official data"
"SL","Livestock Primary","122","Lesotho","5510","Production","21121","Meat, chicken","2018","2018","tonnes","1840","Im","FAO data based on imputation methodology"
"SL","Livestock Primary","122","Lesotho","5610","Import Quantity","21121","Meat, chicken","2018","2018","tonnes","16919","*","Unofficial figure"
"SL","Livestock Primary","122","Lesotho","5910","Export Quantity","21121","Meat, chicken","2018","2018","tonnes","10","*","Unofficial figure"
"SL","Livestock Primary","123","Liberia","5510","Production","21121","Meat, chicken","2018","2018","tonnes","14292","Im","FAO data based on imputation methodology"
"SL","Livestock Primary","123","Liberia","5610","Import Quantity","21121","Meat, chicken","2018","2018","tonnes","27272","*","Unofficial figure"
"SL","Livestock Primary","126","Lithuania","5510","Production","21121","Meat, chicken","2018","2018","tonnes","126667","","Official data"
"SL","Livestock Primary","126","Lithuania","5610","Import Quantity","21121","Meat, chicken","2018","2018","tonnes","35034","","Official data"
"SL","Livestock Primary","126","Lithuania","5910","Export Quantity","21121","Meat, chicken","2018","2018","tonnes","49432","","Official data"
"SL","Livestock Primary","256","Luxembourg","5510","Production","21121","Meat, chicken","2018","2018","tonnes","286","","Official data"
"SL","Livestock Primary","256","Luxembourg","5610","Import Quantity","21121","Meat, chicken","2018","2018","tonnes","7816","","Official data"
"SL","Livestock Primary","256","Luxembourg","5910","Export Quantity","21121","Meat, chicken","2018","2018","tonnes","361","","Official data"
"SL","Livestock Primary","256","Luxembourg","674","Protein supply quantity (g/capita/day)","21121","Meat, chicken","2018","2018","g/capita/day","4","Fc","Calculated data"
"SL","Livestock Primary","129","Madagascar","5510","Production","21121","Meat, chicken","2018","2018","tonnes","48698","Im","FAO data based on imputation methodology"
"SL","Livestock Primary","130","Malawi","5510","Production","21121","Meat, chicken","2018","2018","tonnes","190617","","Official data"
"SL","Livestock Primary","130","Malawi","5610","Import Quantity","21121","Meat, chicken","2018","2018","tonnes","295","*","Unofficial figure"
"SL","Livestock Primary","130","Malawi","674","Protein supply quantity (g/capita/day)","21121","Meat, chicken","2018","2018","g/capita/day","1","Fc","Calculated data"
"SL","Livestock Primary","131","Malaysia","5510","Production","21121","Meat, chicken","2018","2018","tonnes","1587539","","Official data"
"SL","Livestock Primary","131","Malaysia","5610","Import Quantity","21121","Meat, chicken","2018","2018","tonnes","71410","","Official data"
"SL","Livestock Primary","131","Malaysia","5910","Export Quantity","21121","Meat, chicken","2018","2018","tonnes","10547","","Official data"
"SL","Livestock Primary","131","Malaysia","674","Protein supply quantity (g/capita/day)","21121","Meat, chicken","2018","2018","g/capita/day","12","Fc","Calculated data"
"SL","Livestock Primary","132","Maldives","5610","Import Quantity","21121","Meat, chicken","2018","2018","tonnes","12485","","Official data"
"SL","Livestock Primary","133","Mali","5510","Production","21121","Meat, chicken","2018","2018","tonnes","51046","Im","FAO data based on imputation methodology"
"SL","Livestock Primary","133","Mali","5610","Import Quantity","21121","Meat, chicken","2018","2018","tonnes","175","*","Unofficial figure"
"SL","Livestock Primary","134","Malta","5510","Production","21121","Meat, chicken","2018","2018","tonnes","3820","","Official data"
"SL","Livestock Primary","134","Malta","5610","Import Quantity","21121","Meat, chicken","2018","2018","tonnes","5516","","Official data"
"SL","Livestock Primary","134","Malta","5910","Export Quantity","21121","Meat, chicken","2018","2018","tonnes","10","","Official data"
"SL","Livestock Primary","136","Mauritania","5510","Production","21121","Meat, chicken","2018","2018","tonnes","4715","Im","FAO data based on imputation methodology"
"SL","Livestock Primary","136","Mauritania","5610","Import Quantity","21121","Meat, chicken","2018","2018","tonnes","29411","*","Unofficial figure"
"SL","Livestock Primary","136","Mauritania","674","Protein supply quantity (g/capita/day)","21121","Meat, chicken","2018","2018","g/capita/day","2","Fc","Calculated data"
"SL","Livestock Primary","137","Mauritius","5510","Production","21121","Meat, chicken","2018","2018","tonnes","49000","","Official data"
"SL","Livestock Primary","137","Mauritius","5610","Import Quantity","21121","Meat, chicken","2018","2018","tonnes","175","","Official data"
"SL","Livestock Primary","137","Mauritius","674","Protein supply quantity (g/capita/day)","21121","Meat, chicken","2018","2018","g/capita/day","13","Fc","Calculated data"
"SL","Livestock Primary","138","Mexico","5510","Production","21121","Meat, chicken","2018","2018","tonnes","3338372","","Official data"
"SL","Livestock Primary","138","Mexico","5610","Import Quantity","21121","Meat, chicken","2018","2018","tonnes","803932","","Official data"
"SL","Livestock Primary","138","Mexico","5910","Export Quantity","21121","Meat, chicken","2018","2018","tonnes","8148","Im","FAO data based on imputation methodology"
"SL","Livestock Primary","138","Mexico","674","Protein supply quantity (g/capita/day)","21121","Meat, chicken","2018","2018","g/capita/day","9","Fc","Calculated data"
"SL","Livestock Primary","141","Mongolia","5510","Production","21121","Meat, chicken","2018","2018","tonnes","243","Im","FAO data based on imputation methodology"
"SL","Livestock Primary","141","Mongolia","5610","Import Quantity","21121","Meat, chicken","2018","2018","tonnes","11642","","Official data"
"SL","Livestock Primary","273","Montenegro","5510","Production","21121","Meat, chicken","2018","2018","tonnes","4010","Im","FAO data based on imputation methodology"
"SL","Livestock Primary","273","Montenegro","5610","Import Quantity","21121","Meat, chicken","2018","2018","tonnes","7268","","Official data"
"SL","Livestock Primary","273","Montenegro","5910","Export Quantity","21121","Meat, chicken","2018","2018","tonnes","0","","Official data"
"SL","Livestock Primary","273","Montenegro","674","Protein supply quantity (g/capita/day)","21121","Meat, chicken","2018","2018","g/capita/day","5","Fc","Calculated data"
"SL","Livestock Primary","143","Morocco","5510","Production","21121","Meat, chicken","2018","2018","tonnes","720000","","Official data"
"SL","Livestock Primary","143","Morocco","5610","Import Quantity","21121","Meat, chicken","2018","2018","tonnes","338","","Official data"
"SL","Livestock Primary","143","Morocco","5910","Export Quantity","21121","Meat, chicken","2018","2018","tonnes","808","Im","FAO data based on imputation methodology"
"SL","Livestock Primary","143","Morocco","674","Protein supply quantity (g/capita/day)","21121","Meat, chicken","2018","2018","g/capita/day","6","Fc","Calculated data"
"SL","Livestock Primary","144","Mozambique","5510","Production","21121","Meat, chicken","2018","2018","tonnes","86363","Im","FAO data based on imputation methodology"
"SL","Livestock Primary","144","Mozambique","5610","Import Quantity","21121","Meat, chicken","2018","2018","tonnes","22164","*","Unofficial figure"
"SL","Livestock Primary","144","Mozambique","674","Protein supply quantity (g/capita/day)","21121","Meat, chicken","2018","2018","g/capita/day","1","Fc","Calculated data"
"SL","Livestock Primary","28","Myanmar","5510","Production","21121","Meat, chicken","2018","2018","tonnes","1728947","Im","FAO data based on imputation methodology"
"SL","Livestock Primary","28","Myanmar","5610","Import Quantity","21121","Meat, chicken","2018","2018","tonnes","191","","Official data"
"SL","Livestock Primary","28","Myanmar","5910","Export Quantity","21121","Meat, chicken","2018","2018","tonnes","2","","Official data"
"SL","Livestock Primary","28","Myanmar","674","Protein supply quantity (g/capita/day)","21121","Meat, chicken","2018","2018","g/capita/day","9","Fc","Calculated data"
"SL","Livestock Primary","147","Namibia","5510","Production","21121","Meat, chicken","2018","2018","tonnes","10228","Im","FAO data based on imputation methodology"
"SL","Livestock Primary","147","Namibia","5610","Import Quantity","21121","Meat, chicken","2018","2018","tonnes","25277","Im","FAO data based on imputation methodology"
"SL","Livestock Primary","147","Namibia","5910","Export Quantity","21121","Meat, chicken","2018","2018","tonnes","12112","Im","FAO data based on imputation methodology"
"SL","Livestock Primary","147","Namibia","674","Protein supply quantity (g/capita/day)","21121","Meat, chicken","2018","2018","g/capita/day","3","Fc","Calculated data"
"SL","Livestock Primary","149","Nepal","5510","Production","21121","Meat, chicken","2018","2018","tonnes","60122","","Official data"
"SL","Livestock Primary","149","Nepal","5610","Import Quantity","21121","Meat, chicken","2018","2018","tonnes","181","*","Unofficial figure"
"SL","Livestock Primary","150","Netherlands","5510","Production","21121","Meat, chicken","2018","2018","tonnes","1015336","Im","FAO data based on imputation methodology"
"SL","Livestock Primary","150","Netherlands","5610","Import Quantity","21121","Meat, chicken","2018","2018","tonnes","380381","","Official data"
"SL","Livestock Primary","150","Netherlands","5910","Export Quantity","21121","Meat, chicken","2018","2018","tonnes","1225549","","Official data"
"SL","Livestock Primary","153","New Caledonia","5510","Production","21121","Meat, chicken","2018","2018","tonnes","765","","Official data"
"SL","Livestock Primary","153","New Caledonia","5610","Import Quantity","21121","Meat, chicken","2018","2018","tonnes","8181","*","Unofficial figure"
"SL","Livestock Primary","156","New Zealand","5510","Production","21121","Meat, chicken","2018","2018","tonnes","229561","","Official data"
"SL","Livestock Primary","156","New Zealand","5910","Export Quantity","21121","Meat, chicken","2018","2018","tonnes","17642","","Official data"
"SL","Livestock Primary","156","New Zealand","674","Protein supply quantity (g/capita/day)","21121","Meat, chicken","2018","2018","g/capita/day","8","Fc","Calculated data"
"SL","Livestock Primary","157","Nicaragua","5510","Production","21121","Meat, chicken","2018","2018","tonnes","139843","","Official data"
"SL","Livestock Primary","157","Nicaragua","5610","Import Quantity","21121","Meat, chicken","2018","2018","tonnes","5600","","Official data"
"SL","Livestock Primary","157","Nicaragua","5910","Export Quantity","21121","Meat, chicken","2018","2018","tonnes","0","","Official data"
"SL","Livestock Primary","158","Niger","5510","Production","21121","Meat, chicken","2018","2018","tonnes","19109","Im","FAO data based on imputation methodology"
"SL","Livestock Primary","158","Niger","5610","Import Quantity","21121","Meat, chicken","2018","2018","tonnes","1485","*","Unofficial figure"
"SL","Livestock Primary","158","Niger","5910","Export Quantity","21121","Meat, chicken","2018","2018","tonnes","28","X","International reliable sources"
"SL","Livestock Primary","158","Niger","674","Protein supply quantity (g/capita/day)","21121","Meat, chicken","2018","2018","g/capita/day","0","Fc","Calculated data"
"SL","Livestock Primary","159","Nigeria","5510","Production","21121","Meat, chicken","2018","2018","tonnes","192689","Im","FAO data based on imputation methodology"
"SL","Livestock Primary","159","Nigeria","5610","Import Quantity","21121","Meat, chicken","2018","2018","tonnes","15672","*","Unofficial figure"
"SL","Livestock Primary","159","Nigeria","5910","Export Quantity","21121","Meat, chicken","2018","2018","tonnes","0","X","International reliable sources"
"SL","Livestock Primary","154","North Macedonia","5510","Production","21121","Meat, chicken","2018","2018","tonnes","1499","","Official data"
"SL","Livestock Primary","154","North Macedonia","5610","Import Quantity","21121","Meat, chicken","2018","2018","tonnes","37154","","Official data"
"SL","Livestock Primary","154","North Macedonia","5910","Export Quantity","21121","Meat, chicken","2018","2018","tonnes","447","","Official data"
"SL","Livestock Primary","154","North Macedonia","674","Protein supply quantity (g/capita/day)","21121","Meat, chicken","2018","2018","g/capita/day","6","Fc","Calculated data"
"SL","Livestock Primary","162","Norway","5510","Production","21121","Meat, chicken","2018","2018","tonnes","89925","","Official data"
"SL","Livestock Primary","162","Norway","5610","Import Quantity","21121","Meat, chicken","2018","2018","tonnes","550","","Official data"
"SL","Livestock Primary","162","Norway","5910","Export Quantity","21121","Meat, chicken","2018","2018","tonnes","23","","Official data"
"SL","Livestock Primary","162","Norway","674","Protein supply quantity (g/capita/day)","21121","Meat, chicken","2018","2018","g/capita/day","7","Fc","Calculated data"
"SL","Livestock Primary","221","Oman","5510","Production","21121","Meat, chicken","2018","2018","tonnes","6561","Im","FAO data based on imputation methodology"
"SL","Livestock Primary","221","Oman","5610","Import Quantity","21121","Meat, chicken","2018","2018","tonnes","117284","","Official data"
"SL","Livestock Primary","221","Oman","5910","Export Quantity","21121","Meat, chicken","2018","2018","tonnes","14925","","Official data"
"SL","Livestock Primary","221","Oman","674","Protein supply quantity (g/capita/day)","21121","Meat, chicken","2018","2018","g/capita/day","7","Fc","Calculated data"
"SL","Livestock Primary","165","Pakistan","5510","Production","21121","Meat, chicken","2018","2018","tonnes","1391000","","Official data"
"SL","Livestock Primary","165","Pakistan","5610","Import Quantity","21121","Meat, chicken","2018","2018","tonnes","319","","Official data"
"SL","Livestock Primary","165","Pakistan","5910","Export Quantity","21121","Meat, chicken","2018","2018","tonnes","4500","","Official data"
"SL","Livestock Primary","166","Panama","5510","Production","21121","Meat, chicken","2018","2018","tonnes","208519","Im","FAO data based on imputation methodology"
"SL","Livestock Primary","166","Panama","5610","Import Quantity","21121","Meat, chicken","2018","2018","tonnes","14005","*","Unofficial figure"
"SL","Livestock Primary","166","Panama","674","Protein supply quantity (g/capita/day)","21121","Meat, chicken","2018","2018","g/capita/day","9","Fc","Calculated data"
"SL","Livestock Primary","168","Papua New Guinea","5510","Production","21121","Meat, chicken","2018","2018","tonnes","6591","Im","FAO data based on imputation methodology"
"SL","Livestock Primary","168","Papua New Guinea","5610","Import Quantity","21121","Meat, chicken","2018","2018","tonnes","17997","*","Unofficial figure"
"SL","Livestock Primary","168","Papua New Guinea","5910","Export Quantity","21121","Meat, chicken","2018","2018","tonnes","25","X","International reliable sources"
"SL","Livestock Primary","169","Paraguay","5510","Production","21121","Meat, chicken","2018","2018","tonnes","71220","F","FAO estimate"
"SL","Livestock Primary","169","Paraguay","5910","Export Quantity","21121","Meat, chicken","2018","2018","tonnes","5477","","Official data"
"SL","Livestock Primary","169","Paraguay","674","Protein supply quantity (g/capita/day)","21121","Meat, chicken","2018","2018","g/capita/day","3","Fc","Calculated data"
"SL","Livestock Primary","170","Peru","5510","Production","21121","Meat, chicken","2018","2018","tonnes","1581767","","Official data"
"SL","Livestock Primary","170","Peru","5610","Import Quantity","21121","Meat, chicken","2018","2018","tonnes","57661","","Official data"
"SL","Livestock Primary","170","Peru","5910","Export Quantity","21121","Meat, chicken","2018","2018","tonnes","7","","Official data"
"SL","Livestock Primary","170","Peru","674","Protein supply quantity (g/capita/day)","21121","Meat, chicken","2018","2018","g/capita/day","7","Fc","Calculated data"
"SL","Livestock Primary","171","Philippines","5510","Production","21121","Meat, chicken","2018","2018","tonnes","1344664","Im","FAO data based on imputation methodology"
"SL","Livestock Primary","171","Philippines","5610","Import Quantity","21121","Meat, chicken","2018","2018","tonnes","276597","","Official data"
"SL","Livestock Primary","171","Philippines","5910","Export Quantity","21121","Meat, chicken","2018","2018","tonnes","355","","Official data"
"SL","Livestock Primary","173","Poland","5510","Production","21121","Meat, chicken","2018","2018","tonnes","2079900","","Official data"
"SL","Livestock Primary","173","Poland","5610","Import Quantity","21121","Meat, chicken","2018","2018","tonnes","53302","","Official data"
"SL","Livestock Primary","173","Poland","5910","Export Quantity","21121","Meat, chicken","2018","2018","tonnes","812485","","Official data"
"SL","Livestock Primary","174","Portugal","5510","Production","21121","Meat, chicken","2018","2018","tonnes","306393","","Official data"
"SL","Livestock Primary","174","Portugal","5610","Import Quantity","21121","Meat, chicken","2018","2018","tonnes","43730","","Official data"
"SL","Livestock Primary","174","Portugal","5910","Export Quantity","21121","Meat, chicken","2018","2018","tonnes","25975","","Official data"
"SL","Livestock Primary","174","Portugal","674","Protein supply quantity (g/capita/day)","21121","Meat, chicken","2018","2018","g/capita/day","10","Fc","Calculated data"
"SL","Livestock Primary","117","Republic of Korea","5510","Production","21121","Meat, chicken","2018","2018","tonnes","819788","Im","FAO data based on imputation methodology"
"SL","Livestock Primary","117","Republic of Korea","5610","Import Quantity","21121","Meat, chicken","2018","2018","tonnes","132483","","Official data"
"SL","Livestock Primary","117","Republic of Korea","5910","Export Quantity","21121","Meat, chicken","2018","2018","tonnes","29727","","Official data"
"SL","Livestock Primary","117","Republic of Korea","674","Protein supply quantity (g/capita/day)","21121","Meat, chicken","2018","2018","g/capita/day","5","Fc","Calculated data"
"SL","Livestock Primary","146","Republic of Moldova","5510","Production","21121","Meat, chicken","2018","2018","tonnes","45234","","Official data"
"SL","Livestock Primary","146","Republic of Moldova","5610","Import Quantity","21121","Meat, chicken","2018","2018","tonnes","14363","","Official data"
"SL","Livestock Primary","146","Republic of Moldova","5910","Export Quantity","21121","Meat, chicken","2018","2018","tonnes","0","","Official data"
"SL","Livestock Primary","146","Republic of Moldova","674","Protein supply quantity (g/capita/day)","21121","Meat, chicken","2018","2018","g/capita/day","6","Fc","Calculated data"
"SL","Livestock Primary","183","Romania","5510","Production","21121","Meat, chicken","2018","2018","tonnes","479867","","Official data"
"SL","Livestock Primary","183","Romania","5610","Import Quantity","21121","Meat, chicken","2018","2018","tonnes","105781","","Official data"
"SL","Livestock Primary","183","Romania","5910","Export Quantity","21121","Meat, chicken","2018","2018","tonnes","55844","","Official data"
"SL","Livestock Primary","183","Romania","674","Protein supply quantity (g/capita/day)","21121","Meat, chicken","2018","2018","g/capita/day","6","Fc","Calculated data"
"SL","Livestock Primary","185","Russian Federation","5510","Production","21121","Meat, chicken","2018","2018","tonnes","4543002","","Official data"
"SL","Livestock Primary","185","Russian Federation","5610","Import Quantity","21121","Meat, chicken","2018","2018","tonnes","216866","","Official data"
"SL","Livestock Primary","185","Russian Federation","5910","Export Quantity","21121","Meat, chicken","2018","2018","tonnes","179551","","Official data"
"SL","Livestock Primary","185","Russian Federation","674","Protein supply quantity (g/capita/day)","21121","Meat, chicken","2018","2018","g/capita/day","11","Fc","Calculated data"
"SL","Livestock Primary","184","Rwanda","5510","Production","21121","Meat, chicken","2018","2018","tonnes","15725","Im","FAO data based on imputation methodology"
"SL","Livestock Primary","184","Rwanda","5610","Import Quantity","21121","Meat, chicken","2018","2018","tonnes","0","*","Unofficial figure"
"SL","Livestock Primary","184","Rwanda","674","Protein supply quantity (g/capita/day)","21121","Meat, chicken","2018","2018","g/capita/day","0","Fc","Calculated data"
"SL","Livestock Primary","188","Saint Kitts and Nevis","5510","Production","21121","Meat, chicken","2018","2018","tonnes","20","","Official data"
"SL","Livestock Primary","188","Saint Kitts and Nevis","5610","Import Quantity","21121","Meat, chicken","2018","2018","tonnes","3377","*","Unofficial figure"
"SL","Livestock Primary","188","Saint Kitts and Nevis","674","Protein supply quantity (g/capita/day)","21121","Meat, chicken","2018","2018","g/capita/day","16","Fc","Calculated data"
"SL","Livestock Primary","189","Saint Lucia","5510","Production","21121","Meat, chicken","2018","2018","tonnes","1608","Im","FAO data based on imputation methodology"
"SL","Livestock Primary","189","Saint Lucia","5610","Import Quantity","21121","Meat, chicken","2018","2018","tonnes","8773","*","Unofficial figure"
"SL","Livestock Primary","189","Saint Lucia","674","Protein supply quantity (g/capita/day)","21121","Meat, chicken","2018","2018","g/capita/day","18","Fc","Calculated data"
"SL","Livestock Primary","191","Saint Vincent and the Grenadines","5510","Production","21121","Meat, chicken","2018","2018","tonnes","452","Im","FAO data based on imputation methodology"
"SL","Livestock Primary","191","Saint Vincent and the Grenadines","5610","Import Quantity","21121","Meat, chicken","2018","2018","tonnes","7219","","Official data"
"SL","Livestock Primary","244","Samoa","5510","Production","21121","Meat, chicken","2018","2018","tonnes","468","Im","FAO data based on imputation methodology"
"SL","Livestock Primary","244","Samoa","5610","Import Quantity","21121","Meat, chicken","2018","2018","tonnes","16640","","Official data"
"SL","Livestock Primary","244","Samoa","5910","Export Quantity","21121","Meat, chicken","2018","2018","tonnes","40","Im","FAO data based on imputation methodology"
"SL","Livestock Primary","244","Samoa","674","Protein supply quantity (g/capita/day)","21121","Meat, chicken","2018","2018","g/capita/day","21","Fc","Calculated data"
"SL","Livestock Primary","193","Sao Tome and Principe","5510","Production","21121","Meat, chicken","2018","2018","tonnes","612","","Official data"
"SL","Livestock Primary","193","Sao Tome and Principe","5610","Import Quantity","21121","Meat, chicken","2018","2018","tonnes","2208","","Official data"
"SL","Livestock Primary","194","Saudi Arabia","5510","Production","21121","Meat, chicken","2018","2018","tonnes","553725","Im","FAO data based on imputation methodology"
"SL","Livestock Primary","194","Saudi Arabia","5610","Import Quantity","21121","Meat, chicken","2018","2018","tonnes","621589","","Official data"
"SL","Livestock Primary","194","Saudi Arabia","5910","Export Quantity","21121","Meat, chicken","2018","2018","tonnes","29717","","Official data"
"SL","Livestock Primary","194","Saudi Arabia","674","Protein supply quantity (g/capita/day)","21121","Meat, chicken","2018","2018","g/capita/day","12","Fc","Calculated data"
"SL","Livestock Primary","195","Senegal","5510","Production","21121","Meat, chicken","2018","2018","tonnes","64146","Im","FAO data based on imputation methodology"
"SL","Livestock Primary","195","Senegal","5610","Import Quantity","21121","Meat, chicken","2018","2018","tonnes","31","","Official data"
"SL","Livestock Primary","195","Senegal","5910","Export Quantity","21121","Meat, chicken","2018","2018","tonnes","7","","Official data"
"SL","Livestock Primary","272","Serbia","5510","Production","21121","Meat, chicken","2018","2018","tonnes","95556","","Official data"
"SL","Livestock Primary","272","Serbia","5610","Import Quantity","21121","Meat, chicken","2018","2018","tonnes","11456","","Official data"
"SL","Livestock Primary","272","Serbia","5910","Export Quantity","21121","Meat, chicken","2018","2018","tonnes","7455","","Official data"
"SL","Livestock Primary","196","Seychelles","5510","Production","21121","Meat, chicken","2018","2018","tonnes","559","Im","FAO data based on imputation methodology"
"SL","Livestock Primary","196","Seychelles","5610","Import Quantity","21121","Meat, chicken","2018","2018","tonnes","3210","","Official data"
"SL","Livestock Primary","197","Sierra Leone","5510","Production","21121","Meat, chicken","2018","2018","tonnes","15223","Im","FAO data based on imputation methodology"
"SL","Livestock Primary","197","Sierra Leone","5610","Import Quantity","21121","Meat, chicken","2018","2018","tonnes","17695","*","Unofficial figure"
"SL","Livestock Primary","199","Slovakia","5510","Production","21121","Meat, chicken","2018","2018","tonnes","75212","","Official data"
"SL","Livestock Primary","199","Slovakia","5610","Import Quantity","21121","Meat, chicken","2018","2018","tonnes","73736","","Official data"
"SL","Livestock Primary","199","Slovakia","5910","Export Quantity","21121","Meat, chicken","2018","2018","tonnes","35273","","Official data"
"SL","Livestock Primary","198","Slovenia","5510","Production","21121","Meat, chicken","2018","2018","tonnes","63785","","Official data"
"SL","Livestock Primary","198","Slovenia","5610","Import Quantity","21121","Meat, chicken","2018","2018","tonnes","13661","","Official data"
"SL","Livestock Primary","198","Slovenia","5910","Export Quantity","21121","Meat, chicken","2018","2018","tonnes","19564","","Official data"
"SL","Livestock Primary","25","Solomon Islands","5510","Production","21121","Meat, chicken","2018","2018","tonnes","296","Im","FAO data based on imputation methodology"
"SL","Livestock Primary","25","Solomon Islands","5610","Import Quantity","21121","Meat, chicken","2018","2018","tonnes","3508","Im","FAO data based on imputation methodology"
"SL","Livestock Primary","202","South Africa","5510","Production","21121","Meat, chicken","2018","2018","tonnes","1754562","","Official data"
"SL","Livestock Primary","202","South Africa","5610","Import Quantity","21121","Meat, chicken","2018","2018","tonnes","487157","","Official data"
"SL","Livestock Primary","202","South Africa","5910","Export Quantity","21121","Meat, chicken","2018","2018","tonnes","45029","","Official data"
"SL","Livestock Primary","203","Spain","5510","Production","21121","Meat, chicken","2018","2018","tonnes","1411312","","Official data"
"SL","Livestock Primary","203","Spain","5610","Import Quantity","21121","Meat, chicken","2018","2018","tonnes","120981","","Official data"
"SL","Livestock Primary","203","Spain","5910","Export Quantity","21121","Meat, chicken","2018","2018","tonnes","172200","","Official data"
"SL","Livestock Primary","203","Spain","674","Protein supply quantity (g/capita/day)","21121","Meat, chicken","2018","2018","g/capita/day","11","Fc","Calculated data"
"SL","Livestock Primary","38","Sri Lanka","5510","Production","21121","Meat, chicken","2018","2018","tonnes","187296","Im","FAO data based on imputation methodology"
"SL","Livestock Primary","38","Sri Lanka","5610","Import Quantity","21121","Meat, chicken","2018","2018","tonnes","193","*","Unofficial figure"
"SL","Livestock Primary","38","Sri Lanka","674","Protein supply quantity (g/capita/day)","21121","Meat, chicken","2018","2018","g/capita/day","2","Fc","Calculated data"
"SL","Livestock Primary","276","Sudan","5510","Production","21121","Meat, chicken","2018","2018","tonnes","70000","","Official data"
"SL","Livestock Primary","276","Sudan","674","Protein supply quantity (g/capita/day)","21121","Meat, chicken","2018","2018","g/capita/day","1","Fc","Calculated data"
"SL","Livestock Primary","207","Suriname","5510","Production","21121","Meat, chicken","2018","2018","tonnes","10277","","Official data"
"SL","Livestock Primary","207","Suriname","5610","Import Quantity","21121","Meat, chicken","2018","2018","tonnes","21991","*","Unofficial figure"
"SL","Livestock Primary","207","Suriname","5910","Export Quantity","21121","Meat, chicken","2018","2018","tonnes","841","","Official data"
"SL","Livestock Primary","207","Suriname","674","Protein supply quantity (g/capita/day)","21121","Meat, chicken","2018","2018","g/capita/day","9","Fc","Calculated data"
"SL","Livestock Primary","210","Sweden","5510","Production","21121","Meat, chicken","2018","2018","tonnes","156500","","Official data"
"SL","Livestock Primary","210","Sweden","5610","Import Quantity","21121","Meat, chicken","2018","2018","tonnes","50129","","Official data"
"SL","Livestock Primary","210","Sweden","5910","Export Quantity","21121","Meat, chicken","2018","2018","tonnes","20041","","Official data"
"SL","Livestock Primary","211","Switzerland","5510","Production","21121","Meat, chicken","2018","2018","tonnes","95514","","Official data"
"SL","Livestock Primary","211","Switzerland","5610","Import Quantity","21121","Meat, chicken","2018","2018","tonnes","30720","","Official data"
"SL","Livestock Primary","211","Switzerland","5910","Export Quantity","21121","Meat, chicken","2018","2018","tonnes","991","Im","FAO data based on imputation methodology"
"SL","Livestock Primary","208","Tajikistan","5510","Production","21121","Meat, chicken","2018","2018","tonnes","1733","Im","FAO data based on imputation methodology"
"SL","Livestock Primary","208","Tajikistan","5610","Import Quantity","21121","Meat, chicken","2018","2018","tonnes","11050","*","Unofficial figure"
"SL","Livestock Primary","216","Thailand","5510","Production","21121","Meat, chicken","2018","2018","tonnes","1726881","Im","FAO data based on imputation methodology"
"SL","Livestock Primary","216","Thailand","5610","Import Quantity","21121","Meat, chicken","2018","2018","tonnes","1176","","Official data"
"SL","Livestock Primary","216","Thailand","5910","Export Quantity","21121","Meat, chicken","2018","2018","tonnes","274353","","Official data"
"SL","Livestock Primary","216","Thailand","674","Protein supply quantity (g/capita/day)","21121","Meat, chicken","2018","2018","g/capita/day","4","Fc","Calculated data"
"SL","Livestock Primary","176","Timor-Leste","5510","Production","21121","Meat, chicken","2018","2018","tonnes","937","Im","FAO data based on imputation methodology"
"SL","Livestock Primary","176","Timor-Leste","5610","Import Quantity","21121","Meat, chicken","2018","2018","tonnes","9254","*","Unofficial figure"
"SL","Livestock Primary","176","Timor-Leste","674","Protein supply quantity (g/capita/day)","21121","Meat, chicken","2018","2018","g/capita/day","1","Fc","Calculated data"
"SL","Livestock Primary","217","Togo","5510","Production","21121","Meat, chicken","2018","2018","tonnes","35557","Im","FAO data based on imputation methodology"
"SL","Livestock Primary","217","Togo","5610","Import Quantity","21121","Meat, chicken","2018","2018","tonnes","19194","*","Unofficial figure"
"SL","Livestock Primary","217","Togo","5910","Export Quantity","21121","Meat, chicken","2018","2018","tonnes","1125","*","Unofficial figure"
"SL","Livestock Primary","217","Togo","674","Protein supply quantity (g/capita/day)","21121","Meat, chicken","2018","2018","g/capita/day","2","Fc","Calculated data"
"SL","Livestock Primary","220","Trinidad and Tobago","5510","Production","21121","Meat, chicken","2018","2018","tonnes","65041","","Official data"
"SL","Livestock Primary","220","Trinidad and Tobago","5610","Import Quantity","21121","Meat, chicken","2018","2018","tonnes","20586","*","Unofficial figure"
"SL","Livestock Primary","220","Trinidad and Tobago","5910","Export Quantity","21121","Meat, chicken","2018","2018","tonnes","0","X","International reliable sources"
"SL","Livestock Primary","222","Tunisia","5510","Production","21121","Meat, chicken","2018","2018","tonnes","141000","","Official data"
"SL","Livestock Primary","222","Tunisia","5610","Import Quantity","21121","Meat, chicken","2018","2018","tonnes","1462","*","Unofficial figure"
"SL","Livestock Primary","222","Tunisia","5910","Export Quantity","21121","Meat, chicken","2018","2018","tonnes","1657","F","FAO estimate"
"SL","Livestock Primary","223","Turkey","5510","Production","21121","Meat, chicken","2018","2018","tonnes","2156671","","Official data"
"SL","Livestock Primary","223","Turkey","5610","Import Quantity","21121","Meat, chicken","2018","2018","tonnes","5869","","Official data"
"SL","Livestock Primary","223","Turkey","5910","Export Quantity","21121","Meat, chicken","2018","2018","tonnes","455336","","Official data"
"SL","Livestock Primary","213","Turkmenistan","5510","Production","21121","Meat, chicken","2018","2018","tonnes","21567","Im","FAO data based on imputation methodology"
"SL","Livestock Primary","213","Turkmenistan","5610","Import Quantity","21121","Meat, chicken","2018","2018","tonnes","31261","*","Unofficial figure"
"SL","Livestock Primary","226","Uganda","5510","Production","21121","Meat, chicken","2018","2018","tonnes","69548","Im","FAO data based on imputation methodology"
"SL","Livestock Primary","226","Uganda","5610","Import Quantity","21121","Meat, chicken","2018","2018","tonnes","327","","Official data"
"SL","Livestock Primary","226","Uganda","5910","Export Quantity","21121","Meat, chicken","2018","2018","tonnes","949","","Official data"
"SL","Livestock Primary","226","Uganda","674","Protein supply quantity (g/capita/day)","21121","Meat, chicken","2018","2018","g/capita/day","1","Fc","Calculated data"
"SL","Livestock Primary","230","Ukraine","5510","Production","21121","Meat, chicken","2018","2018","tonnes","1258900","","Official data"
"SL","Livestock Primary","230","Ukraine","5610","Import Quantity","21121","Meat, chicken","2018","2018","tonnes","121750","","Official data"
"SL","Livestock Primary","230","Ukraine","5910","Export Quantity","21121","Meat, chicken","2018","2018","tonnes","328447","","Official data"
"SL","Livestock Primary","225","United Arab Emirates","5510","Production","21121","Meat, chicken","2018","2018","tonnes","48200","Im","FAO data based on imputation methodology"
"SL","Livestock Primary","225","United Arab Emirates","5610","Import Quantity","21121","Meat, chicken","2018","2018","tonnes","591186","","Official data"
"SL","Livestock Primary","225","United Arab Emirates","5910","Export Quantity","21121","Meat, chicken","2018","2018","tonnes","36434","","Official data"
"SL","Livestock Primary","229","United Kingdom of Great Britain and Northern Ireland","5510","Production","21121","Meat, chicken","2018","2018","tonnes","1750000","","Official data"
"SL","Livestock Primary","229","United Kingdom of Great Britain and Northern Ireland","5610","Import Quantity","21121","Meat, chicken","2018","2018","tonnes","382643","","Official data"
"SL","Livestock Primary","229","United Kingdom of Great Britain and Northern Ireland","5910","Export Quantity","21121","Meat, chicken","2018","2018","tonnes","299100","","Official data"
"SL","Livestock Primary","215","United Republic of Tanzania","5510","Production","21121","Meat, chicken","2018","2018","tonnes","78110","","Official data"
"SL","Livestock Primary","215","United Republic of Tanzania","5610","Import Quantity","21121","Meat, chicken","2018","2018","tonnes","1126","","Official data"
"SL","Livestock Primary","215","United Republic of Tanzania","5910","Export Quantity","21121","Meat, chicken","2018","2018","tonnes","26","","Official data"
"SL","Livestock Primary","231","United States of America","5510","Production","21121","Meat, chicken","2018","2018","tonnes","19568042","","Official data"
"SL","Livestock Primary","231","United States of America","5610","Import Quantity","21121","Meat, chicken","2018","2018","tonnes","63960","","Official data"
"SL","Livestock Primary","231","United States of America","5910","Export Quantity","21121","Meat, chicken","2018","2018","tonnes","3305143","","Official data"
"SL","Livestock Primary","231","United States of America","674","Protein supply quantity (g/capita/day)","21121","Meat, chicken","2018","2018","g/capita/day","17","Fc","Calculated data"
"SL","Livestock Primary","234","Uruguay","5510","Production","21121","Meat, chicken","2018","2018","tonnes","30841","Im","FAO data based on imputation methodology"
"SL","Livestock Primary","234","Uruguay","5610","Import Quantity","21121","Meat, chicken","2018","2018","tonnes","1459","","Official data"
"SL","Livestock Primary","234","Uruguay","5910","Export Quantity","21121","Meat, chicken","2018","2018","tonnes","3297","","Official data"
"SL","Livestock Primary","234","Uruguay","674","Protein supply quantity (g/capita/day)","21121","Meat, chicken","2018","2018","g/capita/day","2","Fc","Calculated data"
"SL","Livestock Primary","235","Uzbekistan","5510","Production","21121","Meat, chicken","2018","2018","tonnes","64731","Im","FAO data based on imputation methodology"
"SL","Livestock Primary","235","Uzbekistan","5610","Import Quantity","21121","Meat, chicken","2018","2018","tonnes","6248","","Official data"
"SL","Livestock Primary","235","Uzbekistan","674","Protein supply quantity (g/capita/day)","21121","Meat, chicken","2018","2018","g/capita/day","1","Fc","Calculated data"
"SL","Livestock Primary","155","Vanuatu","5510","Production","21121","Meat, chicken","2018","2018","tonnes","1162","Im","FAO data based on imputation methodology"
"SL","Livestock Primary","155","Vanuatu","5610","Import Quantity","21121","Meat, chicken","2018","2018","tonnes","3778","*","Unofficial figure"
"SL","Livestock Primary","236","Venezuela (Bolivarian Republic of)","5510","Production","21121","Meat, chicken","2018","2018","tonnes","448228","","Official data"
"SL","Livestock Primary","236","Venezuela (Bolivarian Republic of)","5610","Import Quantity","21121","Meat, chicken","2018","2018","tonnes","2676","","Official data"
"SL","Livestock Primary","236","Venezuela (Bolivarian Republic of)","5910","Export Quantity","21121","Meat, chicken","2018","2018","tonnes","19","","Official data"
"SL","Livestock Primary","237","Viet Nam","5510","Production","21121","Meat, chicken","2018","2018","tonnes","839573","","Official data"
"SL","Livestock Primary","237","Viet Nam","5610","Import Quantity","21121","Meat, chicken","2018","2018","tonnes","563089","*","Unofficial figure"
"SL","Livestock Primary","237","Viet Nam","674","Protein supply quantity (g/capita/day)","21121","Meat, chicken","2018","2018","g/capita/day","5","Fc","Calculated data"
"SL","Livestock Primary","249","Yemen","5510","Production","21121","Meat, chicken","2018","2018","tonnes","179768","Im","FAO data based on imputation methodology"
"SL","Livestock Primary","249","Yemen","5610","Import Quantity","21121","Meat, chicken","2018","2018","tonnes","95992","*","Unofficial figure"
"SL","Livestock Primary","251","Zambia","5510","Production","21121","Meat, chicken","2018","2018","tonnes","49487","Im","FAO data based on imputation methodology"
"SL","Livestock Primary","251","Zambia","5610","Import Quantity","21121","Meat, chicken","2018","2018","tonnes","10540","","Official data"
"SL","Livestock Primary","251","Zambia","5910","Export Quantity","21121","Meat, chicken","2018","2018","tonnes","1387","","Official data"
"SL","Livestock Primary","181","Zimbabwe","5510","Production","21121","Meat, chicken","2018","2018","tonnes","65837","Im","FAO data based on imputation methodology"
"SL","Livestock Primary","181","Zimbabwe","5610","Import Quantity","21121","Meat, chicken","2018","2018","tonnes","3758","","Official data"
"SL","Livestock Primary","181","Zimbabwe","674","Protein supply quantity (g/capita/day)","21121","Meat, chicken","2018","2018","g/capita/day","2","Fc","Calculated data"
