Country Name,Country Code,Series Name,Series Code,2008 [YR2008]
France,FRA,Gini index (World Bank estimate),SI.POV.GINI,33
France,FRA,"Population, total",SP.POP.TOTL,64374984
Afghanistan,AFG,Gini index (World Bank estimate),SI.POV.GINI,..
Afghanistan,AFG,"Population, total",SP.POP.TOTL,27722276
Albania,ALB,Gini index (World Bank estimate),SI.POV.GINI,30
Albania,ALB,"Population, total",SP.POP.TOTL,2947314
Algeria,DZA,Gini index (World Bank estimate),SI.POV.GINI,..
Algeria,DZA,"Population, total",SP.POP.TOTL,34730608
American Samoa,ASM,Gini index (World Bank estimate),SI.POV.GINI,..
American Samoa,ASM,"Population, total",SP.POP.TOTL,57492
Andorra,AND,Gini index (World Bank estimate),SI.POV.GINI,..
Andorra,AND,"Population, total",SP.POP.TOTL,83862
Angola,AGO,Gini index (World Bank estimate),SI.POV.GINI,42.7
Angola,AGO,"Population, total",SP.POP.TOTL,21695634
Antigua and Barbuda,ATG,Gini index (World Bank estimate),SI.POV.GINI,..
Antigua and Barbuda,ATG,"Population, total",SP.POP.TOTL,85397
Argentina,ARG,Gini index (World Bank estimate),SI.POV.GINI,45.3
Argentina,ARG,"Population, total",SP.POP.TOTL,40080160
Armenia,ARM,Gini index (World Bank estimate),SI.POV.GINI,29.2
Armenia,ARM,"Population, total",SP.POP.TOTL,2907618
Aruba,ABW,Gini index (World Bank estimate),SI.POV.GINI,..
Aruba,ABW,"Population, total",SP.POP.TOTL,101358
Australia,AUS,Gini index (World Bank estimate),SI.POV.GINI,35.4
Australia,AUS,"Population, total",SP.POP.TOTL,21249200
Austria,AUT,Gini index (World Bank estimate),SI.POV.GINI,30.4
Austria,AUT,"Population, total",SP.POP.TOTL,8321496
Azerbaijan,AZE,Gini index (World Bank estimate),SI.POV.GINI,..
Azerbaijan,AZE,"Population, total",SP.POP.TOTL,8763400
"Bahamas, The",BHS,Gini index (World Bank estimate),SI.POV.GINI,..
"Bahamas, The",BHS,"Population, total",SP.POP.TOTL,343681
Bahrain,BHR,Gini index (World Bank estimate),SI.POV.GINI,..
Bahrain,BHR,"Population, total",SP.POP.TOTL,1114641
Bangladesh,BGD,Gini index (World Bank estimate),SI.POV.GINI,..
Bangladesh,BGD,"Population, total",SP.POP.TOTL,144304167
Barbados,BRB,Gini index (World Bank estimate),SI.POV.GINI,..
Barbados,BRB,"Population, total",SP.POP.TOTL,279946
Belarus,BLR,Gini index (World Bank estimate),SI.POV.GINI,27.8
Belarus,BLR,"Population, total",SP.POP.TOTL,9527985
Belgium,BEL,Gini index (World Bank estimate),SI.POV.GINI,28.4
Belgium,BEL,"Population, total",SP.POP.TOTL,10709973
Belize,BLZ,Gini index (World Bank estimate),SI.POV.GINI,..
Belize,BLZ,"Population, total",SP.POP.TOTL,306823
Benin,BEN,Gini index (World Bank estimate),SI.POV.GINI,..
Benin,BEN,"Population, total",SP.POP.TOTL,8696921
Bermuda,BMU,Gini index (World Bank estimate),SI.POV.GINI,..
Bermuda,BMU,"Population, total",SP.POP.TOTL,65273
Bhutan,BTN,Gini index (World Bank estimate),SI.POV.GINI,..
Bhutan,BTN,"Population, total",SP.POP.TOTL,671613
Bolivia,BOL,Gini index (World Bank estimate),SI.POV.GINI,50.8
Bolivia,BOL,"Population, total",SP.POP.TOTL,9721454
Bosnia and Herzegovina,BIH,Gini index (World Bank estimate),SI.POV.GINI,..
Bosnia and Herzegovina,BIH,"Population, total",SP.POP.TOTL,3754271
Botswana,BWA,Gini index (World Bank estimate),SI.POV.GINI,..
Botswana,BWA,"Population, total",SP.POP.TOTL,1915639
Brazil,BRA,Gini index (World Bank estimate),SI.POV.GINI,54
Brazil,BRA,"Population, total",SP.POP.TOTL,192030362
British Virgin Islands,VGB,Gini index (World Bank estimate),SI.POV.GINI,..
British Virgin Islands,VGB,"Population, total",SP.POP.TOTL,26097
Brunei Darussalam,BRN,Gini index (World Bank estimate),SI.POV.GINI,..
Brunei Darussalam,BRN,"Population, total",SP.POP.TOTL,379421
Bulgaria,BGR,Gini index (World Bank estimate),SI.POV.GINI,33.6
Bulgaria,BGR,"Population, total",SP.POP.TOTL,7492561
Burkina Faso,BFA,Gini index (World Bank estimate),SI.POV.GINI,..
Burkina Faso,BFA,"Population, total",SP.POP.TOTL,14689725
Burundi,BDI,Gini index (World Bank estimate),SI.POV.GINI,..
Burundi,BDI,"Population, total",SP.POP.TOTL,8126102
Cabo Verde,CPV,Gini index (World Bank estimate),SI.POV.GINI,..
Cabo Verde,CPV,"Population, total",SP.POP.TOTL,480842
Cambodia,KHM,Gini index (World Bank estimate),SI.POV.GINI,..
Cambodia,KHM,"Population, total",SP.POP.TOTL,13883834
Cameroon,CMR,Gini index (World Bank estimate),SI.POV.GINI,..
Cameroon,CMR,"Population, total",SP.POP.TOTL,19252666
Canada,CAN,Gini index (World Bank estimate),SI.POV.GINI,..
Canada,CAN,"Population, total",SP.POP.TOTL,33247118
Cayman Islands,CYM,Gini index (World Bank estimate),SI.POV.GINI,..
Cayman Islands,CYM,"Population, total",SP.POP.TOTL,53836
Central African Republic,CAF,Gini index (World Bank estimate),SI.POV.GINI,56.2
Central African Republic,CAF,"Population, total",SP.POP.TOTL,4273366
Chad,TCD,Gini index (World Bank estimate),SI.POV.GINI,..
Chad,TCD,"Population, total",SP.POP.TOTL,11183588
Channel Islands,CHI,Gini index (World Bank estimate),SI.POV.GINI,..
Channel Islands,CHI,"Population, total",SP.POP.TOTL,156433
Chile,CHL,Gini index (World Bank estimate),SI.POV.GINI,..
Chile,CHL,"Population, total",SP.POP.TOTL,16708258
China,CHN,Gini index (World Bank estimate),SI.POV.GINI,43
China,CHN,"Population, total",SP.POP.TOTL,1324655000
Colombia,COL,Gini index (World Bank estimate),SI.POV.GINI,55.5
Colombia,COL,"Population, total",SP.POP.TOTL,44254972
Comoros,COM,Gini index (World Bank estimate),SI.POV.GINI,..
Comoros,COM,"Population, total",SP.POP.TOTL,657229
"Congo, Dem. Rep.",COD,Gini index (World Bank estimate),SI.POV.GINI,..
"Congo, Dem. Rep.",COD,"Population, total",SP.POP.TOTL,60411195
"Congo, Rep.",COG,Gini index (World Bank estimate),SI.POV.GINI,..
"Congo, Rep.",COG,"Population, total",SP.POP.TOTL,4011486
Costa Rica,CRI,Gini index (World Bank estimate),SI.POV.GINI,48.7
Costa Rica,CRI,"Population, total",SP.POP.TOTL,4463125
Cote d'Ivoire,CIV,Gini index (World Bank estimate),SI.POV.GINI,43.2
Cote d'Ivoire,CIV,"Population, total",SP.POP.TOTL,19605569
Croatia,HRV,Gini index (World Bank estimate),SI.POV.GINI,..
Croatia,HRV,"Population, total",SP.POP.TOTL,4309705
Cuba,CUB,Gini index (World Bank estimate),SI.POV.GINI,..
Cuba,CUB,"Population, total",SP.POP.TOTL,11236971
Curacao,CUW,Gini index (World Bank estimate),SI.POV.GINI,..
Curacao,CUW,"Population, total",SP.POP.TOTL,145880
Cyprus,CYP,Gini index (World Bank estimate),SI.POV.GINI,31.7
Cyprus,CYP,"Population, total",SP.POP.TOTL,1081563
Czech Republic,CZE,Gini index (World Bank estimate),SI.POV.GINI,26.3
Czech Republic,CZE,"Population, total",SP.POP.TOTL,10384603
Denmark,DNK,Gini index (World Bank estimate),SI.POV.GINI,25.2
Denmark,DNK,"Population, total",SP.POP.TOTL,5493621
Djibouti,DJI,Gini index (World Bank estimate),SI.POV.GINI,..
Djibouti,DJI,"Population, total",SP.POP.TOTL,816358
Dominica,DMA,Gini index (World Bank estimate),SI.POV.GINI,..
Dominica,DMA,"Population, total",SP.POP.TOTL,70827
Dominican Republic,DOM,Gini index (World Bank estimate),SI.POV.GINI,48.1
Dominican Republic,DOM,"Population, total",SP.POP.TOTL,9458075
Ecuador,ECU,Gini index (World Bank estimate),SI.POV.GINI,49.7
Ecuador,ECU,"Population, total",SP.POP.TOTL,14535739
"Egypt, Arab Rep.",EGY,Gini index (World Bank estimate),SI.POV.GINI,31.1
"Egypt, Arab Rep.",EGY,"Population, total",SP.POP.TOTL,79636079
El Salvador,SLV,Gini index (World Bank estimate),SI.POV.GINI,46.9
El Salvador,SLV,"Population, total",SP.POP.TOTL,6131764
Equatorial Guinea,GNQ,Gini index (World Bank estimate),SI.POV.GINI,..
Equatorial Guinea,GNQ,"Population, total",SP.POP.TOTL,860840
Eritrea,ERI,Gini index (World Bank estimate),SI.POV.GINI,..
Eritrea,ERI,"Population, total",SP.POP.TOTL,3062779
Estonia,EST,Gini index (World Bank estimate),SI.POV.GINI,31.9
Estonia,EST,"Population, total",SP.POP.TOTL,1337090
Eswatini,SWZ,Gini index (World Bank estimate),SI.POV.GINI,..
Eswatini,SWZ,"Population, total",SP.POP.TOTL,1049945
Ethiopia,ETH,Gini index (World Bank estimate),SI.POV.GINI,..
Ethiopia,ETH,"Population, total",SP.POP.TOTL,82916235
Faroe Islands,FRO,Gini index (World Bank estimate),SI.POV.GINI,..
Faroe Islands,FRO,"Population, total",SP.POP.TOTL,47820
Fiji,FJI,Gini index (World Bank estimate),SI.POV.GINI,40.4
Fiji,FJI,"Population, total",SP.POP.TOTL,845361
Finland,FIN,Gini index (World Bank estimate),SI.POV.GINI,27.8
Finland,FIN,"Population, total",SP.POP.TOTL,5313399
French Polynesia,PYF,Gini index (World Bank estimate),SI.POV.GINI,..
French Polynesia,PYF,"Population, total",SP.POP.TOTL,264061
Gabon,GAB,Gini index (World Bank estimate),SI.POV.GINI,..
Gabon,GAB,"Population, total",SP.POP.TOTL,1518540
"Gambia, The",GMB,Gini index (World Bank estimate),SI.POV.GINI,..
"Gambia, The",GMB,"Population, total",SP.POP.TOTL,1689285
Georgia,GEO,Gini index (World Bank estimate),SI.POV.GINI,38.5
Georgia,GEO,"Population, total",SP.POP.TOTL,3848449
Germany,DEU,Gini index (World Bank estimate),SI.POV.GINI,31.1
Germany,DEU,"Population, total",SP.POP.TOTL,82110097
Ghana,GHA,Gini index (World Bank estimate),SI.POV.GINI,..
Ghana,GHA,"Population, total",SP.POP.TOTL,23563825
Gibraltar,GIB,Gini index (World Bank estimate),SI.POV.GINI,..
Gibraltar,GIB,"Population, total",SP.POP.TOTL,33559
Greece,GRC,Gini index (World Bank estimate),SI.POV.GINI,33.6
Greece,GRC,"Population, total",SP.POP.TOTL,11077841
Greenland,GRL,Gini index (World Bank estimate),SI.POV.GINI,..
Greenland,GRL,"Population, total",SP.POP.TOTL,56328
Grenada,GRD,Gini index (World Bank estimate),SI.POV.GINI,..
Grenada,GRD,"Population, total",SP.POP.TOTL,105456
Guam,GUM,Gini index (World Bank estimate),SI.POV.GINI,..
Guam,GUM,"Population, total",SP.POP.TOTL,159036
Guatemala,GTM,Gini index (World Bank estimate),SI.POV.GINI,..
Guatemala,GTM,"Population, total",SP.POP.TOTL,13739299
Guinea,GIN,Gini index (World Bank estimate),SI.POV.GINI,..
Guinea,GIN,"Population, total",SP.POP.TOTL,9738792
Guinea-Bissau,GNB,Gini index (World Bank estimate),SI.POV.GINI,..
Guinea-Bissau,GNB,"Population, total",SP.POP.TOTL,1446936
Guyana,GUY,Gini index (World Bank estimate),SI.POV.GINI,..
Guyana,GUY,"Population, total",SP.POP.TOTL,746817
Haiti,HTI,Gini index (World Bank estimate),SI.POV.GINI,..
Haiti,HTI,"Population, total",SP.POP.TOTL,9646580
Honduras,HND,Gini index (World Bank estimate),SI.POV.GINI,55.5
Honduras,HND,"Population, total",SP.POP.TOTL,7980955
"Hong Kong SAR, China",HKG,Gini index (World Bank estimate),SI.POV.GINI,..
"Hong Kong SAR, China",HKG,"Population, total",SP.POP.TOTL,6957800
Hungary,HUN,Gini index (World Bank estimate),SI.POV.GINI,27.5
Hungary,HUN,"Population, total",SP.POP.TOTL,10038188
Iceland,ISL,Gini index (World Bank estimate),SI.POV.GINI,31.8
Iceland,ISL,"Population, total",SP.POP.TOTL,317414
India,IND,Gini index (World Bank estimate),SI.POV.GINI,..
India,IND,"Population, total",SP.POP.TOTL,1200669765
Indonesia,IDN,Gini index (World Bank estimate),SI.POV.GINI,35.2
Indonesia,IDN,"Population, total",SP.POP.TOTL,235469762
"Iran, Islamic Rep.",IRN,Gini index (World Bank estimate),SI.POV.GINI,..
"Iran, Islamic Rep.",IRN,"Population, total",SP.POP.TOTL,72120604
Iraq,IRQ,Gini index (World Bank estimate),SI.POV.GINI,..
Iraq,IRQ,"Population, total",SP.POP.TOTL,28385746
Ireland,IRL,Gini index (World Bank estimate),SI.POV.GINI,30.9
Ireland,IRL,"Population, total",SP.POP.TOTL,4489544
Isle of Man,IMN,Gini index (World Bank estimate),SI.POV.GINI,..
Isle of Man,IMN,"Population, total",SP.POP.TOTL,83508
Israel,ISR,Gini index (World Bank estimate),SI.POV.GINI,..
Israel,ISR,"Population, total",SP.POP.TOTL,7308800
Italy,ITA,Gini index (World Bank estimate),SI.POV.GINI,33.8
Italy,ITA,"Population, total",SP.POP.TOTL,58826731
Jamaica,JAM,Gini index (World Bank estimate),SI.POV.GINI,..
Jamaica,JAM,"Population, total",SP.POP.TOTL,2781876
Japan,JPN,Gini index (World Bank estimate),SI.POV.GINI,34.8
Japan,JPN,"Population, total",SP.POP.TOTL,128063000
Jordan,JOR,Gini index (World Bank estimate),SI.POV.GINI,32.6
Jordan,JOR,"Population, total",SP.POP.TOTL,6556478
Kazakhstan,KAZ,Gini index (World Bank estimate),SI.POV.GINI,28.5
Kazakhstan,KAZ,"Population, total",SP.POP.TOTL,15674000
Kenya,KEN,Gini index (World Bank estimate),SI.POV.GINI,..
Kenya,KEN,"Population, total",SP.POP.TOTL,39791981
Kiribati,KIR,Gini index (World Bank estimate),SI.POV.GINI,..
Kiribati,KIR,"Population, total",SP.POP.TOTL,98761
"Korea, Dem. People’s Rep.",PRK,Gini index (World Bank estimate),SI.POV.GINI,..
"Korea, Dem. People’s Rep.",PRK,"Population, total",SP.POP.TOTL,24310142
"Korea, Rep.",KOR,Gini index (World Bank estimate),SI.POV.GINI,32.3
"Korea, Rep.",KOR,"Population, total",SP.POP.TOTL,49054708
Kosovo,XKX,Gini index (World Bank estimate),SI.POV.GINI,..
Kosovo,XKX,"Population, total",SP.POP.TOTL,1747383
Kuwait,KWT,Gini index (World Bank estimate),SI.POV.GINI,..
Kuwait,KWT,"Population, total",SP.POP.TOTL,2656009
Kyrgyz Republic,KGZ,Gini index (World Bank estimate),SI.POV.GINI,31.5
Kyrgyz Republic,KGZ,"Population, total",SP.POP.TOTL,5318700
Lao PDR,LAO,Gini index (World Bank estimate),SI.POV.GINI,..
Lao PDR,LAO,"Population, total",SP.POP.TOTL,6046620
Latvia,LVA,Gini index (World Bank estimate),SI.POV.GINI,37.2
Latvia,LVA,"Population, total",SP.POP.TOTL,2177322
Lebanon,LBN,Gini index (World Bank estimate),SI.POV.GINI,..
Lebanon,LBN,"Population, total",SP.POP.TOTL,4764741
Lesotho,LSO,Gini index (World Bank estimate),SI.POV.GINI,..
Lesotho,LSO,"Population, total",SP.POP.TOTL,1987129
Liberia,LBR,Gini index (World Bank estimate),SI.POV.GINI,..
Liberia,LBR,"Population, total",SP.POP.TOTL,3607860
Libya,LBY,Gini index (World Bank estimate),SI.POV.GINI,..
Libya,LBY,"Population, total",SP.POP.TOTL,6058748
Liechtenstein,LIE,Gini index (World Bank estimate),SI.POV.GINI,..
Liechtenstein,LIE,"Population, total",SP.POP.TOTL,35471
Lithuania,LTU,Gini index (World Bank estimate),SI.POV.GINI,35.7
Lithuania,LTU,"Population, total",SP.POP.TOTL,3198231
Luxembourg,LUX,Gini index (World Bank estimate),SI.POV.GINI,32.6
Luxembourg,LUX,"Population, total",SP.POP.TOTL,488650
"Macao SAR, China",MAC,Gini index (World Bank estimate),SI.POV.GINI,..
"Macao SAR, China",MAC,"Population, total",SP.POP.TOTL,515239
Madagascar,MDG,Gini index (World Bank estimate),SI.POV.GINI,..
Madagascar,MDG,"Population, total",SP.POP.TOTL,19996473
Malawi,MWI,Gini index (World Bank estimate),SI.POV.GINI,..
Malawi,MWI,"Population, total",SP.POP.TOTL,13727890
Malaysia,MYS,Gini index (World Bank estimate),SI.POV.GINI,45.5
Malaysia,MYS,"Population, total",SP.POP.TOTL,27236006
Maldives,MDV,Gini index (World Bank estimate),SI.POV.GINI,..
Maldives,MDV,"Population, total",SP.POP.TOTL,343452
Mali,MLI,Gini index (World Bank estimate),SI.POV.GINI,..
Mali,MLI,"Population, total",SP.POP.TOTL,14113577
Malta,MLT,Gini index (World Bank estimate),SI.POV.GINI,29
Malta,MLT,"Population, total",SP.POP.TOTL,409379
Marshall Islands,MHL,Gini index (World Bank estimate),SI.POV.GINI,..
Marshall Islands,MHL,"Population, total",SP.POP.TOTL,56174
Mauritania,MRT,Gini index (World Bank estimate),SI.POV.GINI,35.7
Mauritania,MRT,"Population, total",SP.POP.TOTL,3296238
Mauritius,MUS,Gini index (World Bank estimate),SI.POV.GINI,..
Mauritius,MUS,"Population, total",SP.POP.TOTL,1244121
Mexico,MEX,Gini index (World Bank estimate),SI.POV.GINI,49.9
Mexico,MEX,"Population, total",SP.POP.TOTL,110815271
"Micronesia, Fed. Sts.",FSM,Gini index (World Bank estimate),SI.POV.GINI,..
"Micronesia, Fed. Sts.",FSM,"Population, total",SP.POP.TOTL,103543
Moldova,MDA,Gini index (World Bank estimate),SI.POV.GINI,34.7
Moldova,MDA,"Population, total",SP.POP.TOTL,2867964
Monaco,MCO,Gini index (World Bank estimate),SI.POV.GINI,..
Monaco,MCO,"Population, total",SP.POP.TOTL,34872
Mongolia,MNG,Gini index (World Bank estimate),SI.POV.GINI,..
Mongolia,MNG,"Population, total",SP.POP.TOTL,2631898
Montenegro,MNE,Gini index (World Bank estimate),SI.POV.GINI,..
Montenegro,MNE,"Population, total",SP.POP.TOTL,616969
Morocco,MAR,Gini index (World Bank estimate),SI.POV.GINI,..
Morocco,MAR,"Population, total",SP.POP.TOTL,31536811
Mozambique,MOZ,Gini index (World Bank estimate),SI.POV.GINI,45.6
Mozambique,MOZ,"Population, total",SP.POP.TOTL,22276596
Myanmar,MMR,Gini index (World Bank estimate),SI.POV.GINI,..
Myanmar,MMR,"Population, total",SP.POP.TOTL,49929642
Namibia,NAM,Gini index (World Bank estimate),SI.POV.GINI,..
Namibia,NAM,"Population, total",SP.POP.TOTL,2043394
Nauru,NRU,Gini index (World Bank estimate),SI.POV.GINI,..
Nauru,NRU,"Population, total",SP.POP.TOTL,9891
Nepal,NPL,Gini index (World Bank estimate),SI.POV.GINI,..
Nepal,NPL,"Population, total",SP.POP.TOTL,26666576
Netherlands,NLD,Gini index (World Bank estimate),SI.POV.GINI,29.3
Netherlands,NLD,"Population, total",SP.POP.TOTL,16445593
New Caledonia,NCL,Gini index (World Bank estimate),SI.POV.GINI,..
New Caledonia,NCL,"Population, total",SP.POP.TOTL,242750
New Zealand,NZL,Gini index (World Bank estimate),SI.POV.GINI,..
New Zealand,NZL,"Population, total",SP.POP.TOTL,4259800
Nicaragua,NIC,Gini index (World Bank estimate),SI.POV.GINI,..
Nicaragua,NIC,"Population, total",SP.POP.TOTL,5667432
Niger,NER,Gini index (World Bank estimate),SI.POV.GINI,..
Niger,NER,"Population, total",SP.POP.TOTL,15250908
Nigeria,NGA,Gini index (World Bank estimate),SI.POV.GINI,..
Nigeria,NGA,"Population, total",SP.POP.TOTL,150269623
North Macedonia,MKD,Gini index (World Bank estimate),SI.POV.GINI,..
North Macedonia,MKD,"Population, total",SP.POP.TOTL,2067313
Northern Mariana Islands,MNP,Gini index (World Bank estimate),SI.POV.GINI,..
Northern Mariana Islands,MNP,"Population, total",SP.POP.TOTL,54625
Norway,NOR,Gini index (World Bank estimate),SI.POV.GINI,27
Norway,NOR,"Population, total",SP.POP.TOTL,4768212
Oman,OMN,Gini index (World Bank estimate),SI.POV.GINI,..
Oman,OMN,"Population, total",SP.POP.TOTL,2750963
Pakistan,PAK,Gini index (World Bank estimate),SI.POV.GINI,..
Pakistan,PAK,"Population, total",SP.POP.TOTL,171648986
Palau,PLW,Gini index (World Bank estimate),SI.POV.GINI,..
Palau,PLW,"Population, total",SP.POP.TOTL,18704
Panama,PAN,Gini index (World Bank estimate),SI.POV.GINI,52.7
Panama,PAN,"Population, total",SP.POP.TOTL,3516204
Papua New Guinea,PNG,Gini index (World Bank estimate),SI.POV.GINI,..
Papua New Guinea,PNG,"Population, total",SP.POP.TOTL,6976201
Paraguay,PRY,Gini index (World Bank estimate),SI.POV.GINI,50.7
Paraguay,PRY,"Population, total",SP.POP.TOTL,6081296
Peru,PER,Gini index (World Bank estimate),SI.POV.GINI,47.5
Peru,PER,"Population, total",SP.POP.TOTL,28562317
Philippines,PHL,Gini index (World Bank estimate),SI.POV.GINI,..
Philippines,PHL,"Population, total",SP.POP.TOTL,90901965
Poland,POL,Gini index (World Bank estimate),SI.POV.GINI,33.5
Poland,POL,"Population, total",SP.POP.TOTL,38125759
Portugal,PRT,Gini index (World Bank estimate),SI.POV.GINI,36.6
Portugal,PRT,"Population, total",SP.POP.TOTL,10558177
Puerto Rico,PRI,Gini index (World Bank estimate),SI.POV.GINI,..
Puerto Rico,PRI,"Population, total",SP.POP.TOTL,3760866
Qatar,QAT,Gini index (World Bank estimate),SI.POV.GINI,..
Qatar,QAT,"Population, total",SP.POP.TOTL,1436665
Romania,ROU,Gini index (World Bank estimate),SI.POV.GINI,36.4
Romania,ROU,"Population, total",SP.POP.TOTL,20537875
Russian Federation,RUS,Gini index (World Bank estimate),SI.POV.GINI,41.6
Russian Federation,RUS,"Population, total",SP.POP.TOTL,142742366
Rwanda,RWA,Gini index (World Bank estimate),SI.POV.GINI,..
Rwanda,RWA,"Population, total",SP.POP.TOTL,9524534
Samoa,WSM,Gini index (World Bank estimate),SI.POV.GINI,42
Samoa,WSM,"Population, total",SP.POP.TOTL,183263
San Marino,SMR,Gini index (World Bank estimate),SI.POV.GINI,..
San Marino,SMR,"Population, total",SP.POP.TOTL,30434
Sao Tome and Principe,STP,Gini index (World Bank estimate),SI.POV.GINI,..
Sao Tome and Principe,STP,"Population, total",SP.POP.TOTL,171120
Saudi Arabia,SAU,Gini index (World Bank estimate),SI.POV.GINI,..
Saudi Arabia,SAU,"Population, total",SP.POP.TOTL,25888541
Senegal,SEN,Gini index (World Bank estimate),SI.POV.GINI,..
Senegal,SEN,"Population, total",SP.POP.TOTL,12004701
Serbia,SRB,Gini index (World Bank estimate),SI.POV.GINI,..
Serbia,SRB,"Population, total",SP.POP.TOTL,7350222
Seychelles,SYC,Gini index (World Bank estimate),SI.POV.GINI,..
Seychelles,SYC,"Population, total",SP.POP.TOTL,86956
Sierra Leone,SLE,Gini index (World Bank estimate),SI.POV.GINI,..
Sierra Leone,SLE,"Population, total",SP.POP.TOTL,6133603
Singapore,SGP,Gini index (World Bank estimate),SI.POV.GINI,..
Singapore,SGP,"Population, total",SP.POP.TOTL,4839396
Sint Maarten (Dutch part),SXM,Gini index (World Bank estimate),SI.POV.GINI,..
Sint Maarten (Dutch part),SXM,"Population, total",SP.POP.TOTL,33964
Slovak Republic,SVK,Gini index (World Bank estimate),SI.POV.GINI,26
Slovak Republic,SVK,"Population, total",SP.POP.TOTL,5379233
Slovenia,SVN,Gini index (World Bank estimate),SI.POV.GINI,23.7
Slovenia,SVN,"Population, total",SP.POP.TOTL,2021316
Solomon Islands,SLB,Gini index (World Bank estimate),SI.POV.GINI,..
Solomon Islands,SLB,"Population, total",SP.POP.TOTL,503360
Somalia,SOM,Gini index (World Bank estimate),SI.POV.GINI,..
Somalia,SOM,"Population, total",SP.POP.TOTL,11397188
South Africa,ZAF,Gini index (World Bank estimate),SI.POV.GINI,63
South Africa,ZAF,"Population, total",SP.POP.TOTL,49779471
South Sudan,SSD,Gini index (World Bank estimate),SI.POV.GINI,..
South Sudan,SSD,"Population, total",SP.POP.TOTL,8736939
Spain,ESP,Gini index (World Bank estimate),SI.POV.GINI,34.2
Spain,ESP,"Population, total",SP.POP.TOTL,45954106
Sri Lanka,LKA,Gini index (World Bank estimate),SI.POV.GINI,..
Sri Lanka,LKA,"Population, total",SP.POP.TOTL,19983984
St. Kitts and Nevis,KNA,Gini index (World Bank estimate),SI.POV.GINI,..
St. Kitts and Nevis,KNA,"Population, total",SP.POP.TOTL,48178
St. Lucia,LCA,Gini index (World Bank estimate),SI.POV.GINI,..
St. Lucia,LCA,"Population, total",SP.POP.TOTL,170011
St. Martin (French part),MAF,Gini index (World Bank estimate),SI.POV.GINI,..
St. Martin (French part),MAF,"Population, total",SP.POP.TOTL,36885
St. Vincent and the Grenadines,VCT,Gini index (World Bank estimate),SI.POV.GINI,..
St. Vincent and the Grenadines,VCT,"Population, total",SP.POP.TOTL,108393
Sudan,SDN,Gini index (World Bank estimate),SI.POV.GINI,..
Sudan,SDN,"Population, total",SP.POP.TOTL,33060837
Suriname,SUR,Gini index (World Bank estimate),SI.POV.GINI,..
Suriname,SUR,"Population, total",SP.POP.TOTL,517122
Sweden,SWE,Gini index (World Bank estimate),SI.POV.GINI,28.1
Sweden,SWE,"Population, total",SP.POP.TOTL,9219637
Switzerland,CHE,Gini index (World Bank estimate),SI.POV.GINI,33.8
Switzerland,CHE,"Population, total",SP.POP.TOTL,7647675
Syrian Arab Republic,SYR,Gini index (World Bank estimate),SI.POV.GINI,..
Syrian Arab Republic,SYR,"Population, total",SP.POP.TOTL,20664038
Tajikistan,TJK,Gini index (World Bank estimate),SI.POV.GINI,..
Tajikistan,TJK,"Population, total",SP.POP.TOTL,7209930
Tanzania,TZA,Gini index (World Bank estimate),SI.POV.GINI,..
Tanzania,TZA,"Population, total",SP.POP.TOTL,41853944
Thailand,THA,Gini index (World Bank estimate),SI.POV.GINI,40.3
Thailand,THA,"Population, total",SP.POP.TOTL,66530984
Timor-Leste,TLS,Gini index (World Bank estimate),SI.POV.GINI,..
Timor-Leste,TLS,"Population, total",SP.POP.TOTL,1055431
Togo,TGO,Gini index (World Bank estimate),SI.POV.GINI,..
Togo,TGO,"Population, total",SP.POP.TOTL,6083420
Tonga,TON,Gini index (World Bank estimate),SI.POV.GINI,..
Tonga,TON,"Population, total",SP.POP.TOTL,103379
Trinidad and Tobago,TTO,Gini index (World Bank estimate),SI.POV.GINI,..
Trinidad and Tobago,TTO,"Population, total",SP.POP.TOTL,1314443
Tunisia,TUN,Gini index (World Bank estimate),SI.POV.GINI,..
Tunisia,TUN,"Population, total",SP.POP.TOTL,10414433
Turkey,TUR,Gini index (World Bank estimate),SI.POV.GINI,39
Turkey,TUR,"Population, total",SP.POP.TOTL,70418604
Turkmenistan,TKM,Gini index (World Bank estimate),SI.POV.GINI,..
Turkmenistan,TKM,"Population, total",SP.POP.TOTL,4935767
Turks and Caicos Islands,TCA,Gini index (World Bank estimate),SI.POV.GINI,..
Turks and Caicos Islands,TCA,"Population, total",SP.POP.TOTL,31202
Tuvalu,TUV,Gini index (World Bank estimate),SI.POV.GINI,..
Tuvalu,TUV,"Population, total",SP.POP.TOTL,10314
Uganda,UGA,Gini index (World Bank estimate),SI.POV.GINI,..
Uganda,UGA,"Population, total",SP.POP.TOTL,30431736
Ukraine,UKR,Gini index (World Bank estimate),SI.POV.GINI,26.6
Ukraine,UKR,"Population, total",SP.POP.TOTL,46258189
United Arab Emirates,ARE,Gini index (World Bank estimate),SI.POV.GINI,..
United Arab Emirates,ARE,"Population, total",SP.POP.TOTL,7089487
United Kingdom,GBR,Gini index (World Bank estimate),SI.POV.GINI,34.1
United Kingdom,GBR,"Population, total",SP.POP.TOTL,61806995
United States,USA,Gini index (World Bank estimate),SI.POV.GINI,..
United States,USA,"Population, total",SP.POP.TOTL,304093966
Uruguay,URY,Gini index (World Bank estimate),SI.POV.GINI,45.1
Uruguay,URY,"Population, total",SP.POP.TOTL,3340221
Uzbekistan,UZB,Gini index (World Bank estimate),SI.POV.GINI,..
Uzbekistan,UZB,"Population, total",SP.POP.TOTL,27302800
Vanuatu,VUT,Gini index (World Bank estimate),SI.POV.GINI,..
Vanuatu,VUT,"Population, total",SP.POP.TOTL,224704
"Venezuela, RB",VEN,Gini index (World Bank estimate),SI.POV.GINI,..
"Venezuela, RB",VEN,"Population, total",SP.POP.TOTL,27635832
Vietnam,VNM,Gini index (World Bank estimate),SI.POV.GINI,35.6
Vietnam,VNM,"Population, total",SP.POP.TOTL,86243413
Virgin Islands (U.S.),VIR,Gini index (World Bank estimate),SI.POV.GINI,..
Virgin Islands (U.S.),VIR,"Population, total",SP.POP.TOTL,108399
West Bank and Gaza,PSE,Gini index (World Bank estimate),SI.POV.GINI,..
West Bank and Gaza,PSE,"Population, total",SP.POP.TOTL,3591977
"Yemen, Rep.",YEM,Gini index (World Bank estimate),SI.POV.GINI,..
"Yemen, Rep.",YEM,"Population, total",SP.POP.TOTL,21892146
Zambia,ZMB,Gini index (World Bank estimate),SI.POV.GINI,..
Zambia,ZMB,"Population, total",SP.POP.TOTL,12848530
Zimbabwe,ZWE,Gini index (World Bank estimate),SI.POV.GINI,..
Zimbabwe,ZWE,"Population, total",SP.POP.TOTL,12379549
Arab World,ARB,Gini index (World Bank estimate),SI.POV.GINI,..
Arab World,ARB,"Population, total",SP.POP.TOTL,338395961
Caribbean small states,CSS,Gini index (World Bank estimate),SI.POV.GINI,..
Caribbean small states,CSS,"Population, total",SP.POP.TOTL,6878970
Central Europe and the Baltics,CEB,Gini index (World Bank estimate),SI.POV.GINI,..
Central Europe and the Baltics,CEB,"Population, total",SP.POP.TOTL,105001883
Early-demographic dividend,EAR,Gini index (World Bank estimate),SI.POV.GINI,..
Early-demographic dividend,EAR,"Population, total",SP.POP.TOTL,2820636594
East Asia & Pacific,EAS,Gini index (World Bank estimate),SI.POV.GINI,..
East Asia & Pacific,EAS,"Population, total",SP.POP.TOTL,2177119142
East Asia & Pacific (excluding high income),EAP,Gini index (World Bank estimate),SI.POV.GINI,..
East Asia & Pacific (excluding high income),EAP,"Population, total",SP.POP.TOTL,1938057249
East Asia & Pacific (IDA & IBRD countries),TEA,Gini index (World Bank estimate),SI.POV.GINI,..
East Asia & Pacific (IDA & IBRD countries),TEA,"Population, total",SP.POP.TOTL,1913718210
Euro area,EMU,Gini index (World Bank estimate),SI.POV.GINI,..
Euro area,EMU,"Population, total",SP.POP.TOTL,334274725
Europe & Central Asia,ECS,Gini index (World Bank estimate),SI.POV.GINI,..
Europe & Central Asia,ECS,"Population, total",SP.POP.TOTL,880829122
Europe & Central Asia (excluding high income),ECA,Gini index (World Bank estimate),SI.POV.GINI,..
Europe & Central Asia (excluding high income),ECA,"Population, total",SP.POP.TOTL,373751805
Europe & Central Asia (IDA & IBRD countries),TEC,Gini index (World Bank estimate),SI.POV.GINI,..
Europe & Central Asia (IDA & IBRD countries),TEC,"Population, total",SP.POP.TOTL,436725144
European Union,EUU,Gini index (World Bank estimate),SI.POV.GINI,..
European Union,EUU,"Population, total",SP.POP.TOTL,439876674
Fragile and conflict affected situations,FCS,Gini index (World Bank estimate),SI.POV.GINI,..
Fragile and conflict affected situations,FCS,"Population, total",SP.POP.TOTL,616786947
Heavily indebted poor countries (HIPC),HPC,Gini index (World Bank estimate),SI.POV.GINI,..
Heavily indebted poor countries (HIPC),HPC,"Population, total",SP.POP.TOTL,590590368
High income,HIC,Gini index (World Bank estimate),SI.POV.GINI,..
High income,HIC,"Population, total",SP.POP.TOTL,1163465944
IBRD only,IBD,Gini index (World Bank estimate),SI.POV.GINI,..
IBRD only,IBD,"Population, total",SP.POP.TOTL,4340024679
IDA & IBRD total,IBT,Gini index (World Bank estimate),SI.POV.GINI,..
IDA & IBRD total,IBT,"Population, total",SP.POP.TOTL,5643601079
IDA blend,IDB,Gini index (World Bank estimate),SI.POV.GINI,..
IDA blend,IDB,"Population, total",SP.POP.TOTL,434469613
IDA only,IDX,Gini index (World Bank estimate),SI.POV.GINI,..
IDA only,IDX,"Population, total",SP.POP.TOTL,869106787
IDA total,IDA,Gini index (World Bank estimate),SI.POV.GINI,..
IDA total,IDA,"Population, total",SP.POP.TOTL,1303576400
Late-demographic dividend,LTE,Gini index (World Bank estimate),SI.POV.GINI,..
Late-demographic dividend,LTE,"Population, total",SP.POP.TOTL,2154245139
Latin America & Caribbean,LCN,Gini index (World Bank estimate),SI.POV.GINI,..
Latin America & Caribbean,LCN,"Population, total",SP.POP.TOTL,576783744
Latin America & Caribbean (excluding high income),LAC,Gini index (World Bank estimate),SI.POV.GINI,..
Latin America & Caribbean (excluding high income),LAC,"Population, total",SP.POP.TOTL,546848929
Latin America & the Caribbean (IDA & IBRD countries),TLA,Gini index (World Bank estimate),SI.POV.GINI,..
Latin America & the Caribbean (IDA & IBRD countries),TLA,"Population, total",SP.POP.TOTL,560624659
Least developed countries: UN classification,LDC,Gini index (World Bank estimate),SI.POV.GINI,..
Least developed countries: UN classification,LDC,"Population, total",SP.POP.TOTL,798563392
Low & middle income,LMY,Gini index (World Bank estimate),SI.POV.GINI,..
Low & middle income,LMY,"Population, total",SP.POP.TOTL,5593451949
Low income,LIC,Gini index (World Bank estimate),SI.POV.GINI,..
Low income,LIC,"Population, total",SP.POP.TOTL,503324676
Lower middle income,LMC,Gini index (World Bank estimate),SI.POV.GINI,..
Lower middle income,LMC,"Population, total",SP.POP.TOTL,2468136919
Middle East & North Africa,MEA,Gini index (World Bank estimate),SI.POV.GINI,..
Middle East & North Africa,MEA,"Population, total",SP.POP.TOTL,369823252
Middle East & North Africa (excluding high income),MNA,Gini index (World Bank estimate),SI.POV.GINI,..
Middle East & North Africa (excluding high income),MNA,"Population, total",SP.POP.TOTL,321168767
Middle East & North Africa (IDA & IBRD countries),TMN,Gini index (World Bank estimate),SI.POV.GINI,..
Middle East & North Africa (IDA & IBRD countries),TMN,"Population, total",SP.POP.TOTL,317576790
Middle income,MIC,Gini index (World Bank estimate),SI.POV.GINI,..
Middle income,MIC,"Population, total",SP.POP.TOTL,5090127273
North America,NAC,Gini index (World Bank estimate),SI.POV.GINI,..
North America,NAC,"Population, total",SP.POP.TOTL,337406357
Not classified,INX,Gini index (World Bank estimate),SI.POV.GINI,..
Not classified,INX,"Population, total",SP.POP.TOTL,..
OECD members,OED,Gini index (World Bank estimate),SI.POV.GINI,..
OECD members,OED,"Population, total",SP.POP.TOTL,1270059584
Other small states,OSS,Gini index (World Bank estimate),SI.POV.GINI,..
Other small states,OSS,"Population, total",SP.POP.TOTL,24762406
Pacific island small states,PSS,Gini index (World Bank estimate),SI.POV.GINI,..
Pacific island small states,PSS,"Population, total",SP.POP.TOTL,2157454
Post-demographic dividend,PST,Gini index (World Bank estimate),SI.POV.GINI,..
Post-demographic dividend,PST,"Population, total",SP.POP.TOTL,1064394156
Pre-demographic dividend,PRE,Gini index (World Bank estimate),SI.POV.GINI,..
Pre-demographic dividend,PRE,"Population, total",SP.POP.TOTL,691447610
Small states,SST,Gini index (World Bank estimate),SI.POV.GINI,..
Small states,SST,"Population, total",SP.POP.TOTL,33798830
South Asia,SAS,Gini index (World Bank estimate),SI.POV.GINI,..
South Asia,SAS,"Population, total",SP.POP.TOTL,1592010819
South Asia (IDA & IBRD),TSA,Gini index (World Bank estimate),SI.POV.GINI,..
South Asia (IDA & IBRD),TSA,"Population, total",SP.POP.TOTL,1592010819
Sub-Saharan Africa,SSF,Gini index (World Bank estimate),SI.POV.GINI,..
Sub-Saharan Africa,SSF,"Population, total",SP.POP.TOTL,822945457
Sub-Saharan Africa (excluding high income),SSA,Gini index (World Bank estimate),SI.POV.GINI,..
Sub-Saharan Africa (excluding high income),SSA,"Population, total",SP.POP.TOTL,821614380
Sub-Saharan Africa (IDA & IBRD countries),TSS,Gini index (World Bank estimate),SI.POV.GINI,..
Sub-Saharan Africa (IDA & IBRD countries),TSS,"Population, total",SP.POP.TOTL,822945457
Upper middle income,UMC,Gini index (World Bank estimate),SI.POV.GINI,..
Upper middle income,UMC,"Population, total",SP.POP.TOTL,2621990354
World,WLD,Gini index (World Bank estimate),SI.POV.GINI,..
World,WLD,"Population, total",SP.POP.TOTL,6756917893
,,,,
,,,,
,,,,
Data from database: World Development Indicators,,,,
Last Updated: 12/16/2020,,,,
